Name,Type,Background,Background_Hex,Background_Pattern,Hair,Eyes,Skin_Tone,Headwear,Facial_Hair,Accessories,Clothing,Lips,Training_Caption,Review_Status
lad_001_carbon,Male,brick/checkered red-brown,"#c06148, #a76857",checkered,brown,brown,tan,dark grey hat with gold badge,,,,,"24x24 pixel art portrait, brick/checkered red-brown checkered background (#c06148, #a76857), brown hair, brown eyes, tan skin, wearing dark grey hat with gold badge",REVIEWED
lad_002_cash,Male,bright green,#6ae745,solid,white/grey with green tones,covered by black sunglasses,pale grey,,,black sunglasses,black suit/tie,,"24x24 pixel art portrait, bright green background (#6ae745), white/grey with green tones hair, covered by black sunglasses eyes, pale grey skin, black sunglasses, black suit/tie",REVIEWED
lad_003_chai,Male,tan/brown,#e3b68d,solid,white/cream fluffy,brown,brown,brown hat with white band,,,green and white checkered top,,"24x24 pixel art portrait, tan/brown solid background (#e3b68d), white/cream fluffy hair, brown eyes, brown skin, wearing brown hat with white band, green and white checkered top",REVIEWED
lad_004_silicon,Male,grey,#bababa,solid,grey,grey,pale grey,,,grey tie,grey suit with tie,,"24x24 pixel art portrait, grey solid background (#bababa), grey hair, grey eyes, pale grey skin, grey tie, grey suit with tie",REVIEWED
lad_005_copper,Male,brown and yellow,#876f66,checkered,brown,brown,light,,brown mustache,,,,"24x24 pixel art portrait, brown and yellow checkered background (#876f66), brown hair, brown eyes, light skin, brown mustache",REVIEWED
lad_006_redshift,Male,brown/mauve,#7d6364,solid,dark blue/navy,blue,peach/light,,,,,,"24x24 pixel art portrait, brown/mauve solid background (#7d6364), dark blue/navy hair, blue eyes, peach/light skin",REVIEWED
lad_007_titanium,Male,dark grey,#57555a,solid,black,brown,light/pink,,5 o'clock shadow,,,,"24x24 pixel art portrait, dark grey solid background (#57555a), black hair, brown eyes, light/pink skin, 5 o'clock shadow",REVIEWED
lad_008_platinum,Male,"multi-colored gradient (cyan, red, orange, blue)","#d0f9f3, #af3a30, #fcc084, #156af8",gradient,black,grey/multi,light/pink,,scruff,"face crack/scar, scruff",,,"24x24 pixel art portrait, multi-colored gradient (cyan, red, orange, blue) gradient background (#d0f9f3, #af3a30, #fcc084, #156af8), black hair, grey/multi eyes, light/pink skin, face crack/scar, scruff, scruff",REVIEWED
lad_009_steel,Male,blue,#6072ff,solid,black/grey with blue tones,brown,light/grey,,scruff,"glasses, tie, scruff",suit with tie,,"24x24 pixel art portrait, blue solid background (#6072ff), black/grey with blue tones hair, brown eyes, light/grey skin, glasses, tie, scruff, scruff, suit with tie",REVIEWED
lad_010_aluminum,Male,cyan/light blue,#3bb8ff,solid,red (under hat),brown,light/pink,red hat/cap,scruff,"glasses, scruff",orange top,,"24x24 pixel art portrait, cyan/light blue background (#3bb8ff), red (under hat) hair, brown eyes, light/pink skin, wearing red hat/cap, glasses, scruff, scruff, orange top",REVIEWED
lad_011_chocolate,Male,cream to coral gradient,"#f2f1d4, #ff7162",gradient,black/grey,brown,tan/brown,,beard,,brown checkered collar,,"24x24 pixel art portrait, cream to coral gradient gradient background (#f2f1d4, #ff7162), black/grey hair, brown eyes, tan/brown skin, beard, brown checkered collar",REVIEWED
lad_012_chromium,Male,light grey/eggshell,#ebe6ea,gradient,ash grey/brown,blue,pale/pink,,scruff,,,,"24x24 pixel art portrait, light grey/eggshell gradient background (#ebe6ea), ash grey/brown hair, blue eyes, pale/pink skin, scruff",REVIEWED
lad_013_caramel,Male,"multi-colored split (blue, white, red)","#1c467e, #f3f3f3, #ce4b26",split,black,black,olive/tan,,,,blue top,,"24x24 pixel art portrait, multi-colored split (blue, white, red) split background (#1c467e, #f3f3f3, #ce4b26), black hair, black eyes, olive/tan skin, blue top",REVIEWED
lad_014_sugar,Male,blue,#0153fd,solid,brown/red,blue,light/pink,,,,white checkered collar,,"24x24 pixel art portrait, blue background (#0153fd), brown/red hair, blue eyes, light/pink skin, white checkered collar",REVIEWED
lad_015_jackson,Male,bright green,#6ae745,solid,white/grey fluffy (zombie-like),covered by black sunglasses,pale grey/white,,,black sunglasses,grey/black suit,,"24x24 pixel art portrait, bright green background (#6ae745), white/grey fluffy (zombie-like) hair, covered by black sunglasses eyes, pale grey/white skin, black sunglasses, grey/black suit",REVIEWED
lad_016_tungsten,Male,bright green,#6ae745,solid,grey/white pixelated/blocky,covered by black sunglasses,pale grey with pixelated/checkered pattern,,,black sunglasses,grey pixelated pattern,,"24x24 pixel art portrait, bright green background (#6ae745), grey/white pixelated/blocky hair, covered by black sunglasses eyes, pale grey with pixelated/checkered pattern skin, black sunglasses, grey pixelated pattern",REVIEWED
lad_017_ink,Male,bright green,#6ae745,solid,white/grey checkered pixelated,covered by black sunglasses,pale grey/white,,,black sunglasses,black suit,,"24x24 pixel art portrait, bright green background (#6ae745), white/grey checkered pixelated hair, covered by black sunglasses eyes, pale grey/white skin, black sunglasses, black suit",REVIEWED
lad_018_mandarin,Male,light green/sage,#c2e19e,solid,dark grey/black,grey,light/pink,grey helmet/cap,,,"dark blue with colorful checkered pattern (cyan, yellow, red, blue)",,"24x24 pixel art portrait, light green/sage background (#c2e19e), dark grey/black hair, grey eyes, light/pink skin, wearing grey helmet/cap, dark blue with colorful checkered pattern (cyan, yellow, red, blue)",REVIEWED
lad_019_diamond,Male,bright green/turquoise,"#18d788, #05db73",solid,brown,cyan/teal,light/pink,,,,cyan and white checkered collar,,"24x24 pixel art portrait, bright green/turquoise background (#18d788, #05db73), brown hair, cyan/teal eyes, light/pink skin, cyan and white checkered collar",REVIEWED
lad_020_gpu,Male,sage/grey-green,#93ac92,solid,blonde/tan wavy,brown,light/pink,,,,black and white checkered collar,,"24x24 pixel art portrait, sage/grey-green background (#93ac92), blonde/tan wavy hair, brown eyes, light/pink skin, black and white checkered collar",REVIEWED
lad_021_x,Male,bright green striped/gradient,"#94eb9d, #14c833",striped,dark grey/black,brown,light/pink,dark helmet with white X logo,,,,,"24x24 pixel art portrait, bright green striped/gradient striped background (#94eb9d, #14c833), dark grey/black hair, brown eyes, light/pink skin, wearing dark helmet with white X logo",REVIEWED
lad_022_x,Male,bright green striped/gradient,"#14c833, #94eb9d",striped,black/tan,brown/tan,tan/brown,white headband,,gold necklace,,,"24x24 pixel art portrait, bright green striped/gradient striped background (#14c833, #94eb9d), black/tan hair, brown/tan eyes, tan/brown skin, wearing white headband, gold necklace",REVIEWED
lad_023_x,Male,cyan/turquoise striped/gradient,"#6ed7db, #3ffe9e",striped,grey pixelated/checkered,brown,light/pink,,,,,,"24x24 pixel art portrait, cyan/turquoise striped/gradient striped background (#6ed7db, #3ffe9e), grey pixelated/checkered hair, brown eyes, light/pink skin",REVIEWED
lad_023_x-2,Male,cyan/turquoise striped/gradient,"#6ed7db, #3ffe9e",striped,grey pixelated/checkered,brown,light/pink,green and white checkered crown/headband,,,black suit/tie,,"24x24 pixel art portrait, cyan/turquoise striped/gradient striped background (#6ed7db, #3ffe9e), grey pixelated/checkered hair, brown eyes, light/pink skin, wearing green and white checkered crown/headband, black suit/tie",REVIEWED
lad_023_x-3,Male,cyan/turquoise striped/gradient,"#6ed7db, #3ffe9e",striped,grey pixelated/checkered,brown,light/pink,"colorful pixelated crown (green, red/magenta, orange, blue)",,,black suit/tie,,"24x24 pixel art portrait, cyan/turquoise striped/gradient striped background (#6ed7db, #3ffe9e), grey pixelated/checkered hair, brown eyes, light/pink skin, wearing colorful pixelated crown (green, red/magenta, orange, blue), black suit/tie",REVIEWED
lad_023_x-4,Male,cyan/turquoise striped/gradient,"#6ed7db, #3ffe9e",striped,grey pixelated/checkered,brown,light/pink,green pixelated crown/headband,,,black suit/tie,,"24x24 pixel art portrait, cyan/turquoise striped/gradient striped background (#6ed7db, #3ffe9e), grey pixelated/checkered hair, brown eyes, light/pink skin, wearing green pixelated crown/headband, black suit/tie",REVIEWED
lad_024_x,Male,purple,#220796,solid,black,dark purple/brown,tan/brown,dark helmet with light purple X logo,beard,,white and light purple checkered collar,,"24x24 pixel art portrait, purple background (#220796), black hair, dark purple/brown eyes, tan/brown skin, wearing dark helmet with light purple X logo, beard, white and light purple checkered collar",REVIEWED
lad_025_x,Male,light purple/grey,#c2bbcd,solid,black,brown,tan/brown,dark helmet with orange X logo,beard,,white and light blue checkered collar,,"24x24 pixel art portrait, light purple/grey background (#c2bbcd), black hair, brown eyes, tan/brown skin, wearing dark helmet with orange X logo, beard, white and light blue checkered collar",REVIEWED
lad_026_chromiumabstractsalmon,Male,bright green,#3ffe9e,solid,dark grey/black spiky pixelated,blue/cyan,pale grey/white,,,,pink/salmon top,,"24x24 pixel art portrait, bright green background (#3ffe9e), dark grey/black spiky pixelated hair, blue/cyan eyes, pale grey/white skin, pink/salmon top",REVIEWED
lad_027_chromiumabstractyellow,Male,bright green,#3ffe9e,solid,dark grey/black spiky pixelated,blue/cyan,pale grey/white,,,,yellow/tan top,,"24x24 pixel art portrait, bright green background (#3ffe9e), dark grey/black spiky pixelated hair, blue/cyan eyes, pale grey/white skin, yellow/tan top",REVIEWED
lad_028_chromiumabstractgreen,Male,bright green,#3ffe9e,solid,dark grey/black spiky pixelated,blue/cyan,pale grey/white,,,,grey/green top,,"24x24 pixel art portrait, bright green background (#3ffe9e), dark grey/black spiky pixelated hair, blue/cyan eyes, pale grey/white skin, grey/green top",REVIEWED
lad_029_famous-9,Male,blue,#1831cf,solid,brown/black pixelated,covered by colorful visor/glasses,light,,,"colorful pixelated visor/glasses (green, yellow, orange, magenta)",orange top,,"24x24 pixel art portrait, blue background (#1831cf), brown/black pixelated hair, covered by colorful visor/glasses eyes, light skin, colorful pixelated visor/glasses (green, yellow, orange, magenta), orange top",REVIEWED
lad_029_famous4,Male,yellow/tan gradient,"#ead582, #dfb065",gradient,brown/black pixelated,green pixelated,light,,black mustache,cigarette holder,orange top,,"24x24 pixel art portrait, yellow/tan gradient gradient background (#ead582, #dfb065), brown/black pixelated hair, green pixelated eyes, light skin, cigarette holder, black mustache, orange top",REVIEWED
lad_030_ink,Male,dark grey,#5e5c5f,solid,black afro,grey,dark/brown,,grey scruff,,red top with dark grey/black vest,,"24x24 pixel art portrait, dark grey background (#5e5c5f), black afro hair, grey eyes, dark/brown skin, grey scruff, red top with dark grey/black vest",REVIEWED
lad_031_fin,Male,green gradient (dark to bright),"#051e09, #35e151",gradient,black/dark brown,brown,light/pink,grey headband/visor,,,burgundy/red top,,"24x24 pixel art portrait, green gradient (dark to bright) gradient background (#051e09, #35e151), black/dark brown hair, brown eyes, light/pink skin, wearing grey headband/visor, burgundy/red top",REVIEWED
lad_032_shaman-4,Male,grey,#989898,solid,black with streaks,covered by purple visor,light,,grey scruff,purple visor/glasses,green and white and red checkered collar,,"24x24 pixel art portrait, grey background (#989898), black with streaks hair, covered by purple visor eyes, light skin, purple visor/glasses, grey scruff, green and white and red checkered collar",REVIEWED
lad_033_molecule-2,Male,grey/beige,#b8b1a9,solid,brown,grey,light,,,,dark blue/navy collar,,"24x24 pixel art portrait, grey/beige background (#b8b1a9), brown hair, grey eyes, light skin, dark blue/navy collar",REVIEWED
lad_035_JUAN,Male,bright green,#5fce7f,solid,black/brown,brown,light/tan,,black mustache,,white collar with dark blue suit,,"24x24 pixel art portrait, bright green background (#5fce7f), black/brown hair, brown eyes, light/tan skin, black mustache, white collar with dark blue suit",REVIEWED
lad_036_x,Male,bright green/turquoise,"#65e8b6, #45e470",solid,white/cream large fluffy,brown,light,,,,,,"24x24 pixel art portrait, bright green/turquoise background (#65e8b6, #45e470), white/cream large fluffy hair, brown eyes, light skin",REVIEWED
lad_037_aressprout,Male,sage/grey-green,#a9beaf,solid,brown checkered/pixelated large,cyan/teal,light,,,,,,"24x24 pixel art portrait, sage/grey-green background (#a9beaf), brown checkered/pixelated large hair, cyan/teal eyes, light skin",REVIEWED
lad_038_cashking-6,Male,blue-grey,#8498a9,solid,brown/black,white pixelated,light,,,,"colorful checkered collar (red, yellow, orange)",,"24x24 pixel art portrait, blue-grey background (#8498a9), brown/black hair, white pixelated eyes, light skin, colorful checkered collar (red, yellow, orange)",REVIEWED
lad_039_davinci-2,Male,tan/brown,#6d654a,solid,black pixelated large,blue,light/tan,,,pixelated effects around face,,,"24x24 pixel art portrait, tan/brown background (#6d654a), black pixelated large hair, blue eyes, light/tan skin, pixelated effects around face",REVIEWED
lad_040_melzarmagic,Male,tan/brown,#97775a,solid,brown/black,brown,light,grey headband,,,white and grey checkered collar,,"24x24 pixel art portrait, tan/brown background (#97775a), brown/black hair, brown eyes, light skin, wearing grey headband, white and grey checkered collar",REVIEWED
lad_041_Maradona,Male,teal and blue and green striped,"#2c595e, #0dbc5f",striped,brown long curly,brown,light/tan,,,,white and blue checkered collar,,"24x24 pixel art portrait, teal and blue and green striped striped background (#2c595e, #0dbc5f), brown long curly hair, brown eyes, light/tan skin, white and blue checkered collar",REVIEWED
lad_043_jeremey,Male,"gradient striped (blue, grey, orange, peach)","#92a3bd, #b3b3b5",gradient,brown/black,blue,light/tan,,,,grey and brown checkered collar,,"24x24 pixel art portrait, gradient striped (blue, grey, orange, peach) gradient background (#92a3bd, #b3b3b5), brown/black hair, blue eyes, light/tan skin, grey and brown checkered collar",REVIEWED
lad_045_homewithkids3,Male,burgundy/red,#954c4e,solid,cream/tan,grey,light,,brown beard,,"colorful checkered collar (yellow, grey, pink, cyan)",,"24x24 pixel art portrait, burgundy/red background (#954c4e), cream/tan hair, grey eyes, light skin, brown beard, colorful checkered collar (yellow, grey, pink, cyan)",REVIEWED
lad_046_NATE,Male,burgundy/red,#ac4242,solid,dark blue/navy,grey/cyan,light,,grey scruff,,tan/beige checkered collar,,"24x24 pixel art portrait, burgundy/red background (#ac4242), dark blue/navy hair, grey/cyan eyes, light skin, grey scruff, tan/beige checkered collar",REVIEWED
lad_050_nate,Male,grey,#949087,solid,brown,brown,light,,,,blue and grey checkered collar,,"24x24 pixel art portrait, grey background (#949087), brown hair, brown eyes, light skin, blue and grey checkered collar",REVIEWED
lad_050_nate-2,Male,grey,#949087,solid,brown,brown,light,yellow and cyan checkered crown,,,blue and grey checkered collar,,"24x24 pixel art portrait, grey background (#949087), brown hair, brown eyes, light skin, wearing yellow and cyan checkered crown, blue and grey checkered collar",REVIEWED
lad_051_DEVON-2,Male,burgundy/mauve,#b27886,solid,brown long,grey/cyan,light,,brown beard,,,,"24x24 pixel art portrait, burgundy/mauve background (#b27886), brown long hair, grey/cyan eyes, light skin, brown beard",REVIEWED
lad_051_DEVON-4,Male,purple,#400089,solid,brown long,grey/cyan,light,"colorful pixelated crown (purple, yellow, cyan)",brown beard,,,,"24x24 pixel art portrait, purple background (#400089), brown long hair, grey/cyan eyes, light skin, wearing colorful pixelated crown (purple, yellow, cyan), brown beard",REVIEWED
lad_054_sterling,Male,grey,#a2a2a2,solid,tan/brown messy,cyan/teal,light/pink,,brown beard,,,,"24x24 pixel art portrait, grey background (#a2a2a2), tan/brown messy hair, cyan/teal eyes, light/pink skin, brown beard",REVIEWED
lad_054_sterlingglasses,Male,grey,#a2a2a2,solid,tan/brown messy,cyan/teal,light/pink,,brown beard,black glasses,,,"24x24 pixel art portrait, grey background (#a2a2a2), tan/brown messy hair, cyan/teal eyes, light/pink skin, black glasses, brown beard",REVIEWED
lad_054_sterlingglasses3withcrown5,Male,magenta/pink,#e6368f,solid,tan/brown messy with green checkered crown,cyan/teal,light/pink,green checkered crown,brown beard,"dark red/burgundy glasses, purple and yellow pixelated effects",,,"24x24 pixel art portrait, magenta/pink background (#e6368f), tan/brown messy with green checkered crown hair, cyan/teal eyes, light/pink skin, wearing green checkered crown, dark red/burgundy glasses, purple and yellow pixelated effects, brown beard",REVIEWED
lad_055_Luke,Male,cyan/turquoise gradient pixelated,#289ef4,gradient,tan/blonde pixelated wavy,green,light,,,black cigarette holder,grey top,,"24x24 pixel art portrait, cyan/turquoise gradient pixelated gradient background (#289ef4), tan/blonde pixelated wavy hair, green eyes, light skin, black cigarette holder, grey top",REVIEWED
lad_055_Luke10,Male,"gradient pixelated (purple, cyan, green)","#8d61d7, #20cb77",gradient,tan/blonde pixelated wavy,green,light,"colorful pixelated crown (white, purple)",,,grey top,,"24x24 pixel art portrait, gradient pixelated (purple, cyan, green) gradient background (#8d61d7, #20cb77), tan/blonde pixelated wavy hair, green eyes, light skin, wearing colorful pixelated crown (white, purple), grey top",REVIEWED
lad_055_Luke3,Male,purple gradient,"#9b6cde, #7f4dca",gradient,tan/blonde pixelated wavy,green,light,black hat,,,grey top,,"24x24 pixel art portrait, purple gradient gradient background (#9b6cde, #7f4dca), tan/blonde pixelated wavy hair, green eyes, light skin, wearing black hat, grey top",REVIEWED
lad_055_Luke6,Male,"gradient pixelated (blue, cyan, green)","#066cc9, #5be886",gradient,tan/blonde pixelated wavy,purple/magenta pixelated,light,purple pixelated hat/crown,,,grey top,,"24x24 pixel art portrait, gradient pixelated (blue, cyan, green) gradient background (#066cc9, #5be886), tan/blonde pixelated wavy hair, purple/magenta pixelated eyes, light skin, wearing purple pixelated hat/crown, grey top",REVIEWED
lad_055_Luke8,Male,"gradient pixelated (purple, cyan, green)","#8d61d7, #20cb77",gradient,tan/blonde pixelated wavy,green,light,orange pixelated mask/headwear,,,blue top,,"24x24 pixel art portrait, gradient pixelated (purple, cyan, green) gradient background (#8d61d7, #20cb77), tan/blonde pixelated wavy hair, green eyes, light skin, wearing orange pixelated mask/headwear, blue top",REVIEWED
lad_057_Hugh,Male,dark grey/black,#3a3c3b,solid,brown wavy,green,light,,,,dark blue/navy collar,,"24x24 pixel art portrait, dark grey/black background (#3a3c3b), brown wavy hair, green eyes, light skin, dark blue/navy collar",REVIEWED
lad_057_Hugh5,Male,"green, white, red split (Italian flag)","#009246, #ce2b37",split,brown wavy,white pixelated,light,,,,dark blue/navy collar,,"24x24 pixel art portrait, green, white, red split (Italian flag) split background (#009246, #ce2b37), brown wavy hair, white pixelated eyes, light skin, dark blue/navy collar",REVIEWED
lad_058_SAVVA,Male,blue-grey,#809fb7,solid,grey/tan pixelated,green,light,,grey scruff,grey scruff,dark blue/navy collar,,"24x24 pixel art portrait, blue-grey background (#809fb7), grey/tan pixelated hair, green eyes, light skin, grey scruff, grey scruff, dark blue/navy collar",REVIEWED
lad_059_SamAScientist,Male,cyan/turquoise,#72c2cb,solid,dark grey/black spiky pixelated,covered by blue visor,pale grey/white,,,blue visor/glasses,white top,,"24x24 pixel art portrait, cyan/turquoise background (#72c2cb), dark grey/black spiky pixelated hair, covered by blue visor eyes, pale grey/white skin, blue visor/glasses, white top",REVIEWED
lad_060_bhaitradingbot2,Male,grey,#595860,solid,black,brown,dark/brown,,,,tan/yellow top,,"24x24 pixel art portrait, grey background (#595860), black hair, brown eyes, dark/brown skin, tan/yellow top",REVIEWED
lad_061_DOPE7,Male,green,#487355,solid,dark brown/burgundy,white pixelated,light,,,,blue checkered collar,,"24x24 pixel art portrait, green background (#487355), dark brown/burgundy hair, white pixelated eyes, light skin, blue checkered collar",REVIEWED
lad_062_devox2,Male,burgundy/red,#7d4747,solid,black,green/cyan,light,,black beard,,,,"24x24 pixel art portrait, burgundy/red background (#7d4747), black hair, green/cyan eyes, light skin, black beard",REVIEWED
lad_063_kenichi,Male,red,#d53f31,solid,black pixelated spiky,brown,light/tan,,,,white collar,,"24x24 pixel art portrait, red background (#d53f31), black pixelated spiky hair, brown eyes, light/tan skin, white collar",REVIEWED
lad_064_Scott,Male,blue-grey,#90a3a9,solid,brown wavy,brown,light/pink,,,,white and grey checkered collar,,"24x24 pixel art portrait, blue-grey background (#90a3a9), brown wavy hair, brown eyes, light/pink skin, white and grey checkered collar",REVIEWED
lad_064_sensei,Male,light grey/beige,#e6e5e5,solid,grey,brown,light/tan,,,,cyan/blue checkered collar,,"24x24 pixel art portrait, light grey/beige background (#e6e5e5), grey hair, brown eyes, light/tan skin, cyan/blue checkered collar",REVIEWED
lad_066_napoli2,Male,red,#a51f16,solid,grey/dark checkered hat,covered by sunglasses,light,grey/dark checkered fedora/hat,brown mustache,gold earring,"checkered collar (brown, grey, tan)",,"24x24 pixel art portrait, red background (#a51f16), grey/dark checkered hat hair, covered by sunglasses eyes, light skin, wearing grey/dark checkered fedora/hat, gold earring, brown mustache, checkered collar (brown, grey, tan)",REVIEWED
lad_068_mayor,Male,blue,#5678a9,solid,brown afro large,covered by colorful visor,light,,,"colorful pixelated visor/glasses (purple, blue, cyan)",,,"24x24 pixel art portrait, blue background (#5678a9), brown afro large hair, covered by colorful visor eyes, light skin, colorful pixelated visor/glasses (purple, blue, cyan)",REVIEWED
lad_070_IRAsBF2,Male,light grey,#b0c4c3,solid,dark blue/black,brown,light/tan,,,gold earrings,"colorful checkered collar (brown, blue, burgundy)",,"24x24 pixel art portrait, light grey background (#b0c4c3), dark blue/black hair, brown eyes, light/tan skin, gold earrings, colorful checkered collar (brown, blue, burgundy)",REVIEWED
lad_075_mmhm,Male,light purple,#e19dfa,solid,blonde/tan pixelated large wavy,cyan/teal,light/pink,,,green pixelated flower/accessory,tan/brown top,,"24x24 pixel art portrait, light purple background (#e19dfa), blonde/tan pixelated large wavy hair, cyan/teal eyes, light/pink skin, green pixelated flower/accessory, tan/brown top",REVIEWED
lad_078_btoshi,Male,grey,#a5a5a7,solid,black,brown,dark/brown,black hat with grey pixelated effects,,,white collar,,"24x24 pixel art portrait, grey background (#a5a5a7), black hair, brown eyes, dark/brown skin, wearing black hat with grey pixelated effects, white collar",REVIEWED
lad_079_ravish,Male,beige and red split,"#c2bca6, #b13830",split,black wavy,brown,tan/brown,,,,,,"24x24 pixel art portrait, beige and red split split background (#c2bca6, #b13830), black wavy hair, brown eyes, tan/brown skin",REVIEWED
lad_080_fcpo,Male,orange,#dd9543,solid,grey pixelated,blue/cyan,light,,,,purple/lavender top,,"24x24 pixel art portrait, orange background (#dd9543), grey pixelated hair, blue/cyan eyes, light skin, purple/lavender top",REVIEWED
lad_081_iggy2,Male,tan/beige,#dacdbc,solid,grey/blue pixelated with visor,covered by visor,tan/brown,,,"grey pixelated visor/headband, colorful checkered collar (green, cyan, yellow, red, magenta)",,,"24x24 pixel art portrait, tan/beige background (#dacdbc), grey/blue pixelated with visor hair, covered by visor eyes, tan/brown skin, grey pixelated visor/headband, colorful checkered collar (green, cyan, yellow, red, magenta)",REVIEWED
lad_086_Scooby,Male,blue-grey,#9fadb8,solid,brown curly,cyan/teal,light/pink,,,,tan/brown top,,"24x24 pixel art portrait, blue-grey background (#9fadb8), brown curly hair, cyan/teal eyes, light/pink skin, tan/brown top",REVIEWED
lad_087_HEEM,Male,tan/beige,#e4dcc7,solid,brown/black,brown,dark/brown,"colorful checkered hat/cap (grey, blue, cyan, orange)",,,white and grey checkered collar,,"24x24 pixel art portrait, tan/beige background (#e4dcc7), brown/black hair, brown eyes, dark/brown skin, wearing colorful checkered hat/cap (grey, blue, cyan, orange), white and grey checkered collar",REVIEWED
lad_088_Kareem,Male,dark grey,#3e3e3e,solid,grey pixelated,grey,grey/pale,,,,white top,,"24x24 pixel art portrait, dark grey background (#3e3e3e), grey pixelated hair, grey eyes, grey/pale skin, white top",REVIEWED
lad_089_aguda,Male,dark grey/black,#1f1f1f,solid,black,grey,dark grey/black,,,,white top,,"24x24 pixel art portrait, dark grey/black background (#1f1f1f), black hair, grey eyes, dark grey/black skin, white top",REVIEWED
lad_090_drscott,Male,orange,#d97c4c,solid,tan/brown pixelated,green,light,,,,blue top,,"24x24 pixel art portrait, orange background (#d97c4c), tan/brown pixelated hair, green eyes, light skin, blue top",REVIEWED
lad_091_amit,Male,light blue/lavender,#eff4fa,solid,grey/blue pixelated,pink/magenta pixelated,brown/tan,,,,blue top,,"24x24 pixel art portrait, light blue/lavender background (#eff4fa), grey/blue pixelated hair, pink/magenta pixelated eyes, brown/tan skin, blue top",REVIEWED
lad_092_derrick,Male,blue-grey,#beceda,solid,tan/blonde pixelated curly,cyan/teal,light,,,,grey top,,"24x24 pixel art portrait, blue-grey background (#beceda), tan/blonde pixelated curly hair, cyan/teal eyes, light skin, grey top",REVIEWED
lad_093_photogee,Male,dark grey/black,#373737,solid,black/grey,pink/magenta pixelated,dark grey,grey/white pixelated hat,,,,,"24x24 pixel art portrait, dark grey/black background (#373737), black/grey hair, pink/magenta pixelated eyes, dark grey skin, wearing grey/white pixelated hat",REVIEWED
lad_094_storm,Male,cyan/turquoise,#5bc8dd,solid,brown/black,orange/yellow,dark/brown,,,,cyan checkered collar,,"24x24 pixel art portrait, cyan/turquoise background (#5bc8dd), brown/black hair, orange/yellow eyes, dark/brown skin, cyan checkered collar",REVIEWED
lad_095_godfather,Male,dark grey,#52505c,solid,brown/black,blue,brown/tan,,,,white collar,,"24x24 pixel art portrait, dark grey background (#52505c), brown/black hair, blue eyes, brown/tan skin, white collar",REVIEWED
lad_096_apollo,Male,cyan/turquoise,#86bddb,solid,black large afro pixelated,brown,dark/brown,,,"colorful pixelated headband (white, blue, red, orange)",white and red checkered collar,,"24x24 pixel art portrait, cyan/turquoise background (#86bddb), black large afro pixelated hair, brown eyes, dark/brown skin, colorful pixelated headband (white, blue, red, orange), white and red checkered collar",REVIEWED
lad_097_drralph,Male,light beige/white,#ffffff,solid,brown curly,cyan/teal,light,,,,brown top,,"24x24 pixel art portrait, light beige/white background (#ffffff), brown curly hair, cyan/teal eyes, light skin, brown top",REVIEWED
lad_098_Murtaza,Male,sage/grey-green,#70948a,solid,black,grey,tan/brown,,,,dark blue/navy top,,"24x24 pixel art portrait, sage/grey-green background (#70948a), black hair, grey eyes, tan/brown skin, dark blue/navy top",REVIEWED
lad_099_amenshiller,Male,grey,#b3b0b0,solid,black/brown,brown,dark/brown,,,,white top,,"24x24 pixel art portrait, grey background (#b3b0b0), black/brown hair, brown eyes, dark/brown skin, white top",REVIEWED
lad_102_bunya,Male,dark blue/navy,#1d2740,solid,brown wavy,cyan/teal,light,,brown beard,,,,"24x24 pixel art portrait, dark blue/navy background (#1d2740), brown wavy hair, cyan/teal eyes, light skin, brown beard",REVIEWED
lad_102_bunya2,Male,grey,#969c9e,solid,brown wavy,cyan/teal,light,,brown beard,,,,"24x24 pixel art portrait, grey background (#969c9e), brown wavy hair, cyan/teal eyes, light skin, brown beard",REVIEWED
lad_102_bunya3,Male,dark blue/navy,#1d2740,solid,brown wavy,covered by grey visor,light,,brown beard,grey visor/sunglasses,,,"24x24 pixel art portrait, dark blue/navy background (#1d2740), brown wavy hair, covered by grey visor eyes, light skin, grey visor/sunglasses, brown beard",REVIEWED
lad_103_merheb,Male,light grey/beige,#ebe6ea,solid,brown/black,brown,dark/brown,,black beard,yellow/gold visor/headband,tan/brown checkered collar,,"24x24 pixel art portrait, light grey/beige background (#ebe6ea), brown/black hair, brown eyes, dark/brown skin, yellow/gold visor/headband, black beard, tan/brown checkered collar",REVIEWED
lad_103_merheb2,Male,blue,#0083ef,solid,brown/black,brown,dark/brown,,black beard,yellow/gold visor/headband,tan/brown checkered collar,,"24x24 pixel art portrait, blue background (#0083ef), brown/black hair, brown eyes, dark/brown skin, yellow/gold visor/headband, black beard, tan/brown checkered collar",REVIEWED
lad_74_lc,Male,grey,#b3b3b3,solid,black/grey,grey,grey/dark,,,,white top,,"24x24 pixel art portrait, grey background (#b3b3b3), black/grey hair, grey eyes, grey/dark skin, white top",REVIEWED
lady_000_lemon,Female,yellow,#f8e701,solid,brown,blue,light,red and white checkered bandana,,,blue top,orange,"24x24 pixel art portrait, yellow background (#f8e701), brown hair, blue eyes, light skin, wearing red and white checkered bandana, blue top, orange lips",REVIEWED
lady_001_hazelnut,Female,dark green,#1d4a46,solid,brown wavy,green,light,pink bow,,"teal earrings, yellow necklace",,pink,"24x24 pixel art portrait, dark green background (#1d4a46), brown wavy hair, green eyes, light skin, wearing pink bow, teal earrings, yellow necklace, pink lips",REVIEWED
lady_002_vanilla,Female,light blue,#c3d4ef,solid,blonde wavy,green-grey,light,,,"earrings, necklace",,pink,"24x24 pixel art portrait, light blue background (#c3d4ef), blonde wavy hair, green-grey eyes, light skin, earrings, necklace, pink lips",REVIEWED
lady_003_cashew,Female,grey,#888b82,solid,black with gold checkered hair accessory,brown,light,,,"gold earrings, white collar",,red,"24x24 pixel art portrait, grey background (#888b82), black with gold checkered hair accessory hair, brown eyes, light skin, gold earrings, white collar, red lips",REVIEWED
lady_004_nutmeg,Female,peach/orange,#ffc8a0,solid,black with gold accent,brown,dark,,,gold earrings,,pink,"24x24 pixel art portrait, peach/orange background (#ffc8a0), black with gold accent hair, brown eyes, dark skin, gold earrings, pink lips",REVIEWED
lady_005_cinnamon,Female,brown,#453128,solid,light brown/auburn wavy,green,light,,,gold necklace,,pink,"24x24 pixel art portrait, brown background (#453128), light brown/auburn wavy hair, green eyes, light skin, gold necklace, pink lips",REVIEWED
lady_006_pepper,Female,black and white split,"#ffffff, #000000",split,black and white split (Cruella style),green,pale white,,,gold earrings,,red,"24x24 pixel art portrait, black and white split split background (#ffffff, #000000), black and white split (Cruella style) hair, green eyes, pale white skin, gold earrings, red lips",REVIEWED
lady_007_alloy,Female,purple,#1d0a37,solid,light brown/blonde short,blue/cyan,light,,,ocular implant (right eye),burgundy top,pink,"24x24 pixel art portrait, purple background (#1d0a37), light brown/blonde short hair, blue/cyan eyes, light skin, ocular implant (right eye), burgundy top, pink lips",REVIEWED
lady_008_pinksilk,Female,pink,#ed98bf,solid,brown,brown,light,white tiara/crown,,"earrings, necklace, cigarette holder",light blue dress,pink,"24x24 pixel art portrait, pink background (#ed98bf), brown hair, brown eyes, light skin, wearing white tiara/crown, earrings, necklace, cigarette holder, light blue dress, pink lips",REVIEWED
lady_009_bluesilk,Female,cyan/turquoise,#94d6d0,solid,brown,covered by sunglasses,light,"white tiara/crown, black sunglasses",,"earrings, necklace",light blue dress,pink,"24x24 pixel art portrait, cyan/turquoise background (#94d6d0), brown hair, covered by sunglasses eyes, light skin, wearing white tiara/crown, black sunglasses, earrings, necklace, light blue dress, pink lips",REVIEWED
lady_010_saffron,Female,dark green,#12281c,solid,blonde/tan braided,green,light,,,gold earrings,magenta/pink top,pink,"24x24 pixel art portrait, dark green background (#12281c), blonde/tan braided hair, green eyes, light skin, gold earrings, magenta/pink top, pink lips",REVIEWED
lady_011_sage,Female,blue-grey,#6b92a6,solid,brown wavy long,green,light,,,white earring,coral/salmon top,pink,"24x24 pixel art portrait, blue-grey background (#6b92a6), brown wavy long hair, green eyes, light skin, white earring, coral/salmon top, pink lips",REVIEWED
lady_012_parasite,Female,cyan to pink gradient with pink splatter effects,"#37dff9, #040f61",gradient,black,light grey/blue (zombie-like),pale white/blue (zombie-like),,,,white top,,"24x24 pixel art portrait, cyan to pink gradient with pink splatter effects gradient background (#37dff9, #040f61), black hair, light grey/blue (zombie-like) eyes, pale white/blue (zombie-like) skin, white top",REVIEWED
lady_013_rosemary,Female,light purple to peach gradient,"#949bd2, #e9aa9b",gradient,brown wavy long,green,tan/light brown,,,,,pink,"24x24 pixel art portrait, light purple to peach gradient gradient background (#949bd2, #e9aa9b), brown wavy long hair, green eyes, tan/light brown skin, pink lips",REVIEWED
lady_014_olive,Female,dark purple,#1f003b,solid,blonde/tan braided,covered by brown visor/sunglasses,light,,,brown visor/sunglasses,magenta/pink top,pink,"24x24 pixel art portrait, dark purple background (#1f003b), blonde/tan braided hair, covered by brown visor/sunglasses eyes, light skin, brown visor/sunglasses, magenta/pink top, pink lips",REVIEWED
lady_015_lime,Female,bright yellow-green/lime,#b6df19,solid,black short,brown,light/pink,,,,white and grey checkered collar,pink,"24x24 pixel art portrait, bright yellow-green/lime background (#b6df19), black short hair, brown eyes, light/pink skin, white and grey checkered collar, pink lips",REVIEWED
lady_016_honey,Female,tan/orange gradient,"#db9f5e, #f7c978",gradient,white/grey wavy,green,tan/brown,brown glasses/visor,,brown glasses,blue top,pink,"24x24 pixel art portrait, tan/orange gradient gradient background (#db9f5e, #f7c978), white/grey wavy hair, green eyes, tan/brown skin, wearing brown glasses/visor, brown glasses, blue top, pink lips",REVIEWED
lady_017_pine,Female,yellow-green/sage,#b8c37f,solid,brown wavy long,brown,light,,,,blue and tan checkered collar,pink,"24x24 pixel art portrait, yellow-green/sage background (#b8c37f), brown wavy long hair, brown eyes, light skin, blue and tan checkered collar, pink lips",REVIEWED
lady_018_strawberry,Female,dark green,#2c5f34,solid,red/burgundy wavy,olive/yellow-green,light/pink,,,,yellow and green checkered collar,red,"24x24 pixel art portrait, dark green background (#2c5f34), red/burgundy wavy hair, olive/yellow-green eyes, light/pink skin, yellow and green checkered collar, red lips",REVIEWED
lady_019_banana,Female,blue,#566ee8,solid,mint green/turquoise large,brown,light/pink,,,,yellow and orange checkered collar,red,"24x24 pixel art portrait, blue background (#566ee8), mint green/turquoise large hair, brown eyes, light/pink skin, yellow and orange checkered collar, red lips",REVIEWED
lady_020_blood,Female,pink to magenta gradient,"#ff829f, #d70051",gradient,black with blue/grey checkered pattern,black,tan/brown,,,,white and magenta checkered collar,pink,"24x24 pixel art portrait, pink to magenta gradient gradient background (#ff829f, #d70051), black with blue/grey checkered pattern hair, black eyes, tan/brown skin, white and magenta checkered collar, pink lips",REVIEWED
lady_021_diamond,Female,light cyan/turquoise,#e6fffd,solid,brown/burgundy wavy with red checkered pattern,teal/green,light,,,white earring,cyan and white checkered collar,pink,"24x24 pixel art portrait, light cyan/turquoise background (#e6fffd), brown/burgundy wavy with red checkered pattern hair, teal/green eyes, light skin, white earring, cyan and white checkered collar, pink lips",REVIEWED
lady_022_gold,Female,dark grey,#4d4d4d,solid,brown wavy with orange and white bow/accessory,green,light,,,orange and white hair bow,white checkered collar,pink,"24x24 pixel art portrait, dark grey background (#4d4d4d), brown wavy with orange and white bow/accessory hair, green eyes, light skin, orange and white hair bow, white checkered collar, pink lips",REVIEWED
lady_023_silver,Female,light grey to beige gradient,"#e3effc, #d7d7d7",gradient,brown wavy with blue/purple/cyan hair accessory,green,light,,,colorful hair bow (blue/purple/cyan),light blue checkered collar,pink,"24x24 pixel art portrait, light grey to beige gradient gradient background (#e3effc, #d7d7d7), brown wavy with blue/purple/cyan hair accessory hair, green eyes, light skin, colorful hair bow (blue/purple/cyan), light blue checkered collar, pink lips",REVIEWED
lady_024_linen,Female,cyan/turquoise,#94d6d0,solid,brown wavy with yellow/gold checkered bow,green,light,,,yellow/gold checkered bow,purple checkered collar,pink,"24x24 pixel art portrait, cyan/turquoise background (#94d6d0), brown wavy with yellow/gold checkered bow hair, green eyes, light skin, yellow/gold checkered bow, purple checkered collar, pink lips",REVIEWED
lady_025_mistletoe,Female,dark blue/navy,#000c55,solid,brown wavy with red and white checkered bow,green,light,,,red and white checkered bow,green checkered collar,pink,"24x24 pixel art portrait, dark blue/navy background (#000c55), brown wavy with red and white checkered bow hair, green eyes, light skin, red and white checkered bow, green checkered collar, pink lips",REVIEWED
lady_026_fur,Female,blue,#0153fd,solid,black,green,light,brown bear/cat ears,,,grey/green top,pink,"24x24 pixel art portrait, blue background (#0153fd), black hair, green eyes, light skin, wearing brown bear/cat ears, grey/green top, pink lips",REVIEWED
lady_027_nitrogen,Female,blue,"#4682f8, #5399f8",solid,black wavy,green,light,,,,blue top,pink,"24x24 pixel art portrait, blue background (#4682f8, #5399f8), black wavy hair, green eyes, light skin, blue top, pink lips",REVIEWED
lady_028_marshmallow,Female,pink,#ffc7d4,solid,black/grey checkered pixelated,brown,tan/brown,,,,,pink,"24x24 pixel art portrait, pink background (#ffc7d4), black/grey checkered pixelated hair, brown eyes, tan/brown skin, pink lips",REVIEWED
lady_029_basil,Female,green split/gradient,"#62a233, #2c621a",split,brown short,covered by brown/tan visor,light,,,brown/tan visor/sunglasses,purple checkered collar,pink,"24x24 pixel art portrait, green split/gradient split background (#62a233, #2c621a), brown short hair, covered by brown/tan visor eyes, light skin, brown/tan visor/sunglasses, purple checkered collar, pink lips",REVIEWED
lady_030_grass,Female,tan/peach to orange/yellow split,"#ffe7cd, #ff8c61, #ffcf72",split,brown checkered/pixelated long,cyan/teal,light,,,,red and white checkered collar,pink,"24x24 pixel art portrait, tan/peach to orange/yellow split split background (#ffe7cd, #ff8c61, #ffcf72), brown checkered/pixelated long hair, cyan/teal eyes, light skin, red and white checkered collar, pink lips",REVIEWED
lady_031_paprika,Female,light beige/white,#ffffff,solid,red/burgundy wavy large,grey,pale/white,,,,grey checkered collar,pink,"24x24 pixel art portrait, light beige/white background (#ffffff), red/burgundy wavy large hair, grey eyes, pale/white skin, grey checkered collar, pink lips",REVIEWED
lady_032_salt,Female,red,#a61114,solid,white/grey wavy with red and white checkered bow,brown,light/pink,,,red and white checkered bow,tan/beige checkered collar,red,"24x24 pixel art portrait, red background (#a61114), white/grey wavy with red and white checkered bow hair, brown eyes, light/pink skin, red and white checkered bow, tan/beige checkered collar, red lips",REVIEWED
lady_033_staranise,Female,light pink,#ffd7d7,solid,brown checkered/pixelated wavy,green/teal,light,,,,burgundy/wine top,pink,"24x24 pixel art portrait, light pink background (#ffd7d7), brown checkered/pixelated wavy hair, green/teal eyes, light skin, burgundy/wine top, pink lips",REVIEWED
lady_034_lavender,Female,light pink/peach,"#d7c3c1, #f9e4c5",solid,brown wavy with blue/grey checkered bow,purple/burgundy,tan/brown,,,blue/grey checkered bow,grey checkered collar,pink,"24x24 pixel art portrait, light pink/peach background (#d7c3c1, #f9e4c5), brown wavy with blue/grey checkered bow hair, purple/burgundy eyes, tan/brown skin, blue/grey checkered bow, grey checkered collar, pink lips",REVIEWED
lady_035_turmeric,Female,light peach/tan,#ffc5b3,solid,brown/tan checkered wavy with blue/teal checkered hat,burgundy,tan/brown,blue/teal checkered wide-brim hat,,,,pink,"24x24 pixel art portrait, light peach/tan background (#ffc5b3), brown/tan checkered wavy with blue/teal checkered hat hair, burgundy eyes, tan/brown skin, wearing blue/teal checkered wide-brim hat, pink lips",REVIEWED
lady_036_boisenberry,Female,purple/magenta,#480745,solid,red/pink/burgundy wavy large pixelated,olive/yellow-green,light,,,teal/green accessory,,pink,"24x24 pixel art portrait, purple/magenta background (#480745), red/pink/burgundy wavy large pixelated hair, olive/yellow-green eyes, light skin, teal/green accessory, pink lips",REVIEWED
lady_037_rose,Female,pink,#ea9d95,solid,brown wavy pigtails with bows,brown,light,,,yellow earring/accessory,tan/cream checkered collar,pink,"24x24 pixel art portrait, pink background (#ea9d95), brown wavy pigtails with bows hair, brown eyes, light skin, yellow earring/accessory, tan/cream checkered collar, pink lips",REVIEWED
lady_038_peanut,Female,light cyan/turquoise,#bae4f4,solid,brown/burgundy wavy,purple,light/pink,,,,pink and yellow checkered collar,red,"24x24 pixel art portrait, light cyan/turquoise background (#bae4f4), brown/burgundy wavy hair, purple eyes, light/pink skin, pink and yellow checkered collar, red lips",REVIEWED
lady_039_sandalwood,Female,light purple,#dcb3ff,solid,red/pink/burgundy wavy large pixelated,covered by purple visor,light,,,purple visor/sunglasses,teal/green checkered collar,pink,"24x24 pixel art portrait, light purple background (#dcb3ff), red/pink/burgundy wavy large pixelated hair, covered by purple visor eyes, light skin, purple visor/sunglasses, teal/green checkered collar, pink lips",REVIEWED
lady_040_fivespice,Female,yellow,#fcfe66,solid,black/brown with purple checkered highlights,brown,light,,,,purple and orange/yellow checkered collar,pink,"24x24 pixel art portrait, yellow background (#fcfe66), black/brown with purple checkered highlights hair, brown eyes, light skin, purple and orange/yellow checkered collar, pink lips",REVIEWED
lady_041_bayleaf,Female,blue,#6b93bb,solid,red/pink/burgundy wavy large pixelated,olive/yellow-green,light,,,cigarette holder (white/orange),,pink,"24x24 pixel art portrait, blue background (#6b93bb), red/pink/burgundy wavy large pixelated hair, olive/yellow-green eyes, light skin, cigarette holder (white/orange), pink lips",REVIEWED
lady_042_almond,Female,pink,#f7c2bc,solid,brown wavy,brown,light,,,,cream/tan checkered collar,pink,"24x24 pixel art portrait, pink background (#f7c2bc), brown wavy hair, brown eyes, light skin, cream/tan checkered collar, pink lips",REVIEWED
lady_043_orange,Female,magenta to green split/gradient,"#950058, #05db73",split,black/dark pixelated,brown,light/pink,yellow/gold pixelated crown/headband with cyan/magenta accents,,green splatter/effects,,pink,"24x24 pixel art portrait, magenta to green split/gradient split background (#950058, #05db73), black/dark pixelated hair, brown eyes, light/pink skin, wearing yellow/gold pixelated crown/headband with cyan/magenta accents, green splatter/effects, pink lips",REVIEWED
lady_044_x,Female,magenta to green split/gradient,"#3ffe9e, #35dd88",split,black/dark pixelated,brown,light/pink,colorful pixelated crown (white/grey/purple/cyan/magenta),,,,pink,"24x24 pixel art portrait, magenta to green split/gradient split background (#3ffe9e, #35dd88), black/dark pixelated hair, brown eyes, light/pink skin, wearing colorful pixelated crown (white/grey/purple/cyan/magenta), pink lips",REVIEWED
lady_045_x,Female,green striped/gradient,"#3ffe9e, #35dd88",striped,black/grey pixelated short,burgundy/purple,light,,,,yellow checkered collar,pink,"24x24 pixel art portrait, green striped/gradient striped background (#3ffe9e, #35dd88), black/grey pixelated short hair, burgundy/purple eyes, light skin, yellow checkered collar, pink lips",REVIEWED
lady_046_x,Female,green striped/gradient,"#3ffe9e, #00dd73, #35dd88",striped,brown short pixelated,olive/brown,light,,,orange/yellow accessory,,pink,"24x24 pixel art portrait, green striped/gradient striped background (#3ffe9e, #00dd73, #35dd88), brown short pixelated hair, olive/brown eyes, light skin, orange/yellow accessory, pink lips",REVIEWED
lady_047_x,Female,green striped/gradient,#35dd88,striped,black short,covered by tan visor,light/pink,,,tan visor/sunglasses,pink/purple top,red,"24x24 pixel art portrait, green striped/gradient striped background (#35dd88), black short hair, covered by tan visor eyes, light/pink skin, tan visor/sunglasses, pink/purple top, red lips",REVIEWED
lady_048_pink,Female,bright green,#e50bb4,solid,blonde/tan pixelated curly large,blue,light,,,,purple/mauve checkered collar,pink,"24x24 pixel art portrait, bright green background (#e50bb4), blonde/tan pixelated curly large hair, blue eyes, light skin, purple/mauve checkered collar, pink lips",REVIEWED
lady_049_abstractangels,Female,green gradient/striped,"#0fce6f, #a5ff9b",striped,black wavy,teal/cyan,light,,,"white pixelated angel wings, purple cross/halo",,red,"24x24 pixel art portrait, green gradient/striped striped background (#0fce6f, #a5ff9b), black wavy hair, teal/cyan eyes, light skin, white pixelated angel wings, purple cross/halo, red lips",REVIEWED
lady_050_x-6,Female,magenta to green split/gradient,"#c46eab, #70eb80",split,black/grey pixelated short,brown,light/tan,gold/tan visor,,"white pixelated effects, green/white cross",white/cream checkered collar,pink,"24x24 pixel art portrait, magenta to green split/gradient split background (#c46eab, #70eb80), black/grey pixelated short hair, brown eyes, light/tan skin, wearing gold/tan visor, white pixelated effects, green/white cross, white/cream checkered collar, pink lips",REVIEWED
lady_051_rosieabstract,Female,green striped/checkered,"#35dd88, #3ffe9e",checkered,brown short with orange/white/yellow checkered bow/crown,grey/purple,light/tan,orange/white/yellow checkered bow/crown,,,light cyan/white checkered collar,orange,"24x24 pixel art portrait, green striped/checkered checkered background (#35dd88, #3ffe9e), brown short with orange/white/yellow checkered bow/crown hair, grey/purple eyes, light/tan skin, wearing orange/white/yellow checkered bow/crown, light cyan/white checkered collar, orange lips",REVIEWED
lady_052_pinksilkabstract,Female,purple to orange gradient,"#ba6ddf, #ffcd6c",gradient,brown short with white/pink tiara,brown/tan,light,white/pink tiara/crown,,,light blue/white checkered collar,pink,"24x24 pixel art portrait, purple to orange gradient gradient background (#ba6ddf, #ffcd6c), brown short with white/pink tiara hair, brown/tan eyes, light skin, wearing white/pink tiara/crown, light blue/white checkered collar, pink lips",REVIEWED
lady_053_pepperabstract,Female,green to black split,"#4eea6d, #000000",split,black and white split (Cruella style),green,pale white,,,,red/pink checkered collar,red,"24x24 pixel art portrait, green to black split split background (#4eea6d, #000000), black and white split (Cruella style) hair, green eyes, pale white skin, red/pink checkered collar, red lips",REVIEWED
lady_054_hazelnutabstract-3,Female,green striped/gradient,"#3ffe9e, #35dd88",striped,brown wavy with blue bow/accessory,green,light,,,blue bow/accessory,cream/tan checkered collar,pink,"24x24 pixel art portrait, green striped/gradient striped background (#3ffe9e, #35dd88), brown wavy with blue bow/accessory hair, green eyes, light skin, blue bow/accessory, cream/tan checkered collar, pink lips",REVIEWED
lady_055_bloodabstract,Female,green striped/gradient,"#3ffe9e, #35dd88",striped,black with blue/grey checkered pattern and yellow/white crown,purple,tan/brown,yellow/white crown/tiara,,,light purple/white checkered collar,pink,"24x24 pixel art portrait, green striped/gradient striped background (#3ffe9e, #35dd88), black with blue/grey checkered pattern and yellow/white crown hair, purple eyes, tan/brown skin, wearing yellow/white crown/tiara, light purple/white checkered collar, pink lips",REVIEWED
lady_056_alloyabstract,Female,pink to purple to blue gradient,"#e27296, #4941ca",gradient,brown/tan pixelated short,cyan/teal,light,,,,,pink,"24x24 pixel art portrait, pink to purple to blue gradient gradient background (#e27296, #4941ca), brown/tan pixelated short hair, cyan/teal eyes, light skin, pink lips",REVIEWED
lady_057_bluesilkabstract,Female,purple to cyan gradient,"#6c50d8, #8bfba9",gradient,brown short with white/pink tiara,covered by black sunglasses,light,white/pink tiara/crown,,black sunglasses,light blue/white checkered collar,pink,"24x24 pixel art portrait, purple to cyan gradient gradient background (#6c50d8, #8bfba9), brown short with white/pink tiara hair, covered by black sunglasses eyes, light skin, wearing white/pink tiara/crown, black sunglasses, light blue/white checkered collar, pink lips",REVIEWED
lady_058_x,Female,cyan/turquoise,#87cec1,solid,black/grey pixelated wavy,brown,light,,,,pink top,pink,"24x24 pixel art portrait, cyan/turquoise background (#87cec1), black/grey pixelated wavy hair, brown eyes, light skin, pink top, pink lips",REVIEWED
lady_059_paula-5,Female,bright green,#03dc73,solid,brown checkered/pixelated wavy,purple/grey,light,grey/white visor,,grey/white visor,blue checkered collar,pink,"24x24 pixel art portrait, bright green background (#03dc73), brown checkered/pixelated wavy hair, purple/grey eyes, light skin, wearing grey/white visor, grey/white visor, blue checkered collar, pink lips",REVIEWED
lady_059_paula-6,Female,green striped/gradient,"#3ffe9e, #03dc73",striped,brown checkered/pixelated wavy,covered by grey visor,light,,,grey/dark visor/sunglasses,blue and yellow checkered collar,pink,"24x24 pixel art portrait, green striped/gradient striped background (#3ffe9e, #03dc73), brown checkered/pixelated wavy hair, covered by grey visor eyes, light skin, grey/dark visor/sunglasses, blue and yellow checkered collar, pink lips",REVIEWED
lady_060_winehouse,Female,light purple,#b998da,solid,black pixelated wavy with white/grey/red accessories,olive/tan,light,,,"red flower/bow, white pixelated effects",,pink,"24x24 pixel art portrait, light purple background (#b998da), black pixelated wavy with white/grey/red accessories hair, olive/tan eyes, light skin, red flower/bow, white pixelated effects, pink lips",REVIEWED
lady_061_nikkkk-2,Female,bright green,#5fce7f,solid,brown wavy long,cyan/teal,light,light cyan/mint pixelated hat/headband,,white/green cross,grey/dark checkered collar,pink,"24x24 pixel art portrait, bright green background (#5fce7f), brown wavy long hair, cyan/teal eyes, light skin, wearing light cyan/mint pixelated hat/headband, white/green cross, grey/dark checkered collar, pink lips",REVIEWED
lady_062_Dalia-2,Female,pink,#f6acc5,solid,black,brown,light,brown bear ears,,red bows (side),red top,pink,"24x24 pixel art portrait, pink background (#f6acc5), black hair, brown eyes, light skin, wearing brown bear ears, red bows (side), red top, pink lips",REVIEWED
lady_062_Dalia-BD,Female,blue,"#9cb6ff, #92aefd",solid,black,brown,light,white bear ears,,red bows (side),red top,pink,"24x24 pixel art portrait, blue background (#9cb6ff, #92aefd), black hair, brown eyes, light skin, wearing white bear ears, red bows (side), red top, pink lips",REVIEWED
lady_063_PVR-3,Female,orange,#e78441,solid,black large afro,covered by tan visor,light/tan,,,tan visor/sunglasses,magenta/burgundy top,pink,"24x24 pixel art portrait, orange background (#e78441), black large afro hair, covered by tan visor eyes, light/tan skin, tan visor/sunglasses, magenta/burgundy top, pink lips",REVIEWED
lady_064_aubree-2,Female,magenta/pink,#d2007c,solid,brown wavy,green,light,,,,purple and white checkered collar,pink,"24x24 pixel art portrait, magenta/pink background (#d2007c), brown wavy hair, green eyes, light skin, purple and white checkered collar, pink lips",REVIEWED
lady_065_miggs,Female,purple and pink striped/gradient,"#c498cd, #dd94c6",striped,green pixelated large checkered,cyan/teal,light,,,,blue top,pink,"24x24 pixel art portrait, purple and pink striped/gradient striped background (#c498cd, #dd94c6), green pixelated large checkered hair, cyan/teal eyes, light skin, blue top, pink lips",REVIEWED
lady_065_miggs-4,Female,purple striped/gradient,"#bf8ec9, #af6ebc",striped,blonde/tan pixelated curly large checkered,cyan/teal,light,,,,yellow and pink checkered collar,pink,"24x24 pixel art portrait, purple striped/gradient striped background (#bf8ec9, #af6ebc), blonde/tan pixelated curly large checkered hair, cyan/teal eyes, light skin, yellow and pink checkered collar, pink lips",REVIEWED
lady_066_monalisa-3,Female,green gradient/pixelated,"#486041, #8b5f27, #7b4a2c",gradient,brown wavy,brown,tan/yellow,,,,,,"24x24 pixel art portrait, green gradient/pixelated gradient background (#486041, #8b5f27, #7b4a2c), brown wavy hair, brown eyes, tan/yellow skin",REVIEWED
lady_067_salamander-2,Female,grey,#929493,solid,white/cream large fluffy,purple,light,,,,tan/brown checkered shawl/collar,pink,"24x24 pixel art portrait, grey background (#929493), white/cream large fluffy hair, purple eyes, light skin, tan/brown checkered shawl/collar, pink lips",REVIEWED
lady_068_nikkisf-4,Female,tan/peach,#b0735e,solid,black pixelated wavy,brown,light,,,,tan/brown checkered collar,pink,"24x24 pixel art portrait, tan/peach background (#b0735e), black pixelated wavy hair, brown eyes, light skin, tan/brown checkered collar, pink lips",REVIEWED
lady_069_giulia,Female,yellow/tan,#f6e49a,solid,brown with yellow/green/cyan pixelated accessories,covered by blue visor,tan/brown,,,"blue visor, yellow/green/cyan pixelated hair decorations",green/blue checkered collar,,"24x24 pixel art portrait, yellow/tan background (#f6e49a), brown with yellow/green/cyan pixelated accessories hair, covered by blue visor eyes, tan/brown skin, blue visor, yellow/green/cyan pixelated hair decorations, green/blue checkered collar",REVIEWED
lady_070_mango,Female,bright green,#03dc73,solid,pink pixelated large,purple,pale white,,,,light blue/white checkered collar,,"24x24 pixel art portrait, bright green background (#03dc73), pink pixelated large hair, purple eyes, pale white skin, light blue/white checkered collar",REVIEWED
lady_071_papaya,Female,tan/brown,#9e7243,solid,black pixelated short,grey,light/tan,,,white earrings,,pink,"24x24 pixel art portrait, tan/brown background (#9e7243), black pixelated short hair, grey eyes, light/tan skin, white earrings, pink lips",REVIEWED
lady_072_tangerine,Female,dark blue,#172c89,solid,orange/red gradient pixelated large wavy,grey/purple,light,,,yellow earring,,red,"24x24 pixel art portrait, dark blue background (#172c89), orange/red gradient pixelated large wavy hair, grey/purple eyes, light skin, yellow earring, red lips",REVIEWED
lady_073_mango_punk,Female,bright green,#0dce71,solid,yellow/orange pixelated large with burgundy bow,cyan/teal,pale white,,,"burgundy/red bow, cigarette holder",,,"24x24 pixel art portrait, bright green background (#0dce71), yellow/orange pixelated large with burgundy bow hair, cyan/teal eyes, pale white skin, burgundy/red bow, cigarette holder",REVIEWED
lady_074_melon,Female,bright green,#03dc73,solid,tan/peach checkered pixelated,cyan/teal,tan/brown,tan/peach checkered wide-brim hat,,,red cross/medical symbol,pink,"24x24 pixel art portrait, bright green background (#03dc73), tan/peach checkered pixelated hair, cyan/teal eyes, tan/brown skin, wearing tan/peach checkered wide-brim hat, red cross/medical symbol, pink lips",REVIEWED
lady_075_clementine,Female,cyan checkered,"#12c0d8, #79e7ff",checkered,red/magenta pixelated large with grey bows,green,pale white,,,grey bows,black and white checkered collar,pink,"24x24 pixel art portrait, cyan checkered checkered background (#12c0d8, #79e7ff), red/magenta pixelated large with grey bows hair, green eyes, pale white skin, grey bows, black and white checkered collar, pink lips",REVIEWED
lady_076_orange_blossom,Female,tan/beige,#d5bca5,solid,brown checkered/pixelated wavy with brown crown,brown,light/tan,brown pixelated crown,,,red top,pink,"24x24 pixel art portrait, tan/beige background (#d5bca5), brown checkered/pixelated wavy with brown crown hair, brown eyes, light/tan skin, wearing brown pixelated crown, red top, pink lips",REVIEWED
lady_077_pink_grapefruit,Female,grey to pink split,"#d8e5dc, #ff98b9",split,blue/teal pixelated large,olive/tan,light/tan,,,,red and white checkered collar,pink,"24x24 pixel art portrait, grey to pink split split background (#d8e5dc, #ff98b9), blue/teal pixelated large hair, olive/tan eyes, light/tan skin, red and white checkered collar, pink lips",REVIEWED
lady_078_orange_zest,Female,tan/brown,#884b2e,solid,black/brown/blue pixelated,brown,light,,,,white collar,pink,"24x24 pixel art portrait, tan/brown background (#884b2e), black/brown/blue pixelated hair, brown eyes, light skin, white collar, pink lips",REVIEWED
lady_079_lime_breeze,Female,yellow gradient/striped,"#dda212, #fdf059",gradient,brown pixelated short,brown,tan,orange headband,,grey/white pixelated wings/effects,brown checkered collar,pink,"24x24 pixel art portrait, yellow gradient/striped gradient background (#dda212, #fdf059), brown pixelated short hair, brown eyes, tan skin, wearing orange headband, grey/white pixelated wings/effects, brown checkered collar, pink lips",REVIEWED
lady_080_zesty_lime,Female,grey,#b8c2cb,solid,black wavy,brown,light,,,,,pink,"24x24 pixel art portrait, grey background (#b8c2cb), black wavy hair, brown eyes, light skin, pink lips",REVIEWED
lady_085_IRA2,Female,red,#c62f42,solid,blonde/tan wavy,cyan/teal,light,,,"white pixelated wings/effects, gold necklace",,pink,"24x24 pixel art portrait, red background (#c62f42), blonde/tan wavy hair, cyan/teal eyes, light skin, white pixelated wings/effects, gold necklace, pink lips",REVIEWED
lady_086_ELENI9,Female,tan/beige,#e1cbb3,solid,black/brown wavy,blue,light,,,pink veil/headscarf pixelated,,pink,"24x24 pixel art portrait, tan/beige background (#e1cbb3), black/brown wavy hair, blue eyes, light skin, pink veil/headscarf pixelated, pink lips",REVIEWED
lady_087_feybirthday5,Female,beige with pixelated elements,#fee6ba,solid,black/brown wavy,grey,light,,,"pixelated colorful elements (yellow, blue, green, brown, magenta)",purple top,pink,"24x24 pixel art portrait, beige with pixelated elements background (#fee6ba), black/brown wavy hair, grey eyes, light skin, pixelated colorful elements (yellow, blue, green, brown, magenta), purple top, pink lips",REVIEWED
lady_088_r,Female,orange,#f4ac62,solid,brown checkered/pixelated wavy,cyan/teal,light,,,burgundy/dark red visor/glasses,white and blue/red checkered collar,pink,"24x24 pixel art portrait, orange background (#f4ac62), brown checkered/pixelated wavy hair, cyan/teal eyes, light skin, burgundy/dark red visor/glasses, white and blue/red checkered collar, pink lips",REVIEWED
lady_090_missthang,Female,light grey/beige,#cbc8c3,solid,black/brown wavy,green,light/tan,,,yellow earrings,blue checkered collar,pink,"24x24 pixel art portrait, light grey/beige background (#cbc8c3), black/brown wavy hair, green eyes, light/tan skin, yellow earrings, blue checkered collar, pink lips",REVIEWED
lady_094_violetta,Female,"split (beige, burgundy, green, grey-blue)","#d1bba6, #853d44, #8bbc92, #62677f",split,black wavy long,brown,light,,,,white and yellow checkered collar,pink,"24x24 pixel art portrait, split (beige, burgundy, green, grey-blue) split background (#d1bba6, #853d44, #8bbc92, #62677f), black wavy long hair, brown eyes, light skin, white and yellow checkered collar, pink lips",REVIEWED
lady_095_royalty,Female,grey and beige split with pixelated elements,"#5c6759, #e9e2cb",split,brown wavy,brown,light,,,,pink top,pink,"24x24 pixel art portrait, grey and beige split with pixelated elements split background (#5c6759, #e9e2cb), brown wavy hair, brown eyes, light skin, pink top, pink lips",REVIEWED
lady_096_yuri,Female,grey/mauve,#968687,solid,purple pixelated large,yellow/cream pixelated,pale/white,,,magenta pixelated accessory,white and red checkered collar,pink,"24x24 pixel art portrait, grey/mauve background (#968687), purple pixelated large hair, yellow/cream pixelated eyes, pale/white skin, magenta pixelated accessory, white and red checkered collar, pink lips",REVIEWED
lady_097_dani,Female,light purple,#c4acbf,solid,black/grey pixelated wavy,brown,tan/brown,,,,white and brown checkered collar,pink,"24x24 pixel art portrait, light purple background (#c4acbf), black/grey pixelated wavy hair, brown eyes, tan/brown skin, white and brown checkered collar, pink lips",REVIEWED
lady_097_dani2,Female,sage/grey-green,#a0b1a6,solid,brown pixelated wavy,grey,brown/tan,,,"orange/yellow accessory, grey/white earrings",grey top,pink,"24x24 pixel art portrait, sage/grey-green background (#a0b1a6), brown pixelated wavy hair, grey eyes, brown/tan skin, orange/yellow accessory, grey/white earrings, grey top, pink lips",REVIEWED
lady_098_heyeah,Female,purple,#5d45fd,solid,brown wavy long,covered by black sunglasses,light,,,black sunglasses,grey top,pink,"24x24 pixel art portrait, purple background (#5d45fd), brown wavy long hair, covered by black sunglasses eyes, light skin, black sunglasses, grey top, pink lips",REVIEWED
lady_099_VQ,Female,blue,#3b77cd,solid,yellow/blonde pixelated large wavy,covered by white glasses,light,,,white pixelated glasses/visor,,pink,"24x24 pixel art portrait, blue background (#3b77cd), yellow/blonde pixelated large wavy hair, covered by white glasses eyes, light skin, white pixelated glasses/visor, pink lips",REVIEWED
lad_047_CYGAAR1,Male,bright green,#00ff00,solid,black,blue,white/pale,red checkered cap with white pattern,,,,,,"24x24 pixel art portrait, bright green solid background (#00ff00), black hair, blue eyes, white/pale skin, wearing red checkered cap with white pattern, orange nose",NEW
lad_049_gainzyyyy12,Male,tan/beige,#d4b5a5,solid,,brown,orange/yellow,grey crown with white candles,,,blue suit with red tie,,"24x24 pixel art portrait, tan/beige solid background (#d4b5a5), brown eyes, orange/yellow skin, wearing grey crown with white candles, blue suit with red tie",NEW
lad_049_gainzyyyy18,Male,tan/beige,#d4b5a5,solid,,black,cyan/yellow multi-tone,grey crown with white candles,mustache,smoking pipe,blue suit with red tie,,"24x24 pixel art portrait, tan/beige solid background (#d4b5a5), black eyes, cyan/yellow multi-tone skin, wearing grey crown with white candles, mustache, smoking pipe, blue suit with red tie",NEW
lad_061_DOPE9,Male,light purple,#c8b8e0,solid,,white/covered by sunglasses,light/peach,purple-grey cap with red band,,,dark blue suit with white collar,,"24x24 pixel art portrait, light purple solid background (#c8b8e0), white/covered by sunglasses eyes, light/peach skin, wearing purple-grey cap with red band, dark blue suit with white collar",NEW
lad_061_DOPE10,Male,red,#cc2244,solid,,white/covered by sunglasses,light/peach,purple-grey cap with red band,,,dark blue suit with white collar,,"24x24 pixel art portrait, red solid background (#cc2244), white/covered by sunglasses eyes, light/peach skin, wearing purple-grey cap with red band, dark blue suit with white collar",NEW
lad_103_merheb3,Male,tan/beige,#d9b89a,solid,yellow/blonde curly,covered by black sunglasses,brown/tan,,beard,black sunglasses,white shirt with cross necklace,,"24x24 pixel art portrait, tan/beige solid background (#d9b89a), yellow/blonde curly hair, covered by black sunglasses eyes, brown/tan skin, beard, black sunglasses, white shirt with cross necklace",NEW
lad_105_inkspired,Male,blue gradient,"#0033cc, #00ccff",gradient,dark brown,covered by black sunglasses,brown/dark,,beard,black sunglasses,white collar,,"24x24 pixel art portrait, blue gradient background (#0033cc, #00ccff), dark brown hair, covered by black sunglasses eyes, brown/dark skin, beard, black sunglasses, white collar",NEW
lad_106_sultan,Male,bright green,#00ff88,solid,black,black,dark/black,grey headwrap/turban,full face covering,,grey clothing,,"24x24 pixel art portrait, bright green solid background (#00ff88), black hair, black eyes, dark/black skin, wearing grey headwrap/turban, full face covering, grey clothing",NEW
lady_083_Marianne3,Female,purple/lavender,#c8a8e0,solid,long black/dark purple wavy,covered by purple sunglasses,light/peach,,,purple sunglasses,,pink,"24x24 pixel art portrait, purple/lavender solid background (#c8a8e0), long black/dark purple wavy hair, covered by purple sunglasses eyes, light/peach skin, purple sunglasses, pink lips",NEW
lady_099_domino,Female,dark/black,#1a1a1a,solid,large dark red/burgundy afro,grey,light/tan,,,,,,,"24x24 pixel art portrait, dark/black solid background (#1a1a1a), large dark red/burgundy afro hair, grey eyes, light/tan skin",NEW
