Name,Type,Background,Background_Hex,Background_Type,Hair,Hair_Hex,Eyes,Eyes_Hex,Headwear,Props,Accessories,Training_Caption
lad_001_carbon,Male,Brick,"#c06148, #a76857, #000000",gradient,Brown,#434b4e,Brown,#000000,,Hat,Hat,"24x24 pixel art portrait, background: Brick (#c06148, #a76857, #000000), hair: Brown #434b4e, eyes: Brown #000000, accessories: Hat"
lad_002_cash,Male,Green,"#6ae745, #1a2322",pattern,White/Grey/Green,#6ae745,Sunglasses,#000000,,,,"24x24 pixel art portrait, background: Green (#6ae745, #1a2322), hair: White/Grey/Green #6ae745, eyes: Sunglasses #000000"
lad_003_chai,Male,Brown,"#e3b68d, #5c8865",pattern,Brown,#f7f3e7,Brown,#000000,,Hat,Hat,"24x24 pixel art portrait, background: Brown (#e3b68d, #5c8865), hair: Brown #f7f3e7, eyes: Brown #000000, accessories: Hat"
lad_004_silicon,Male,Grey,"#bababa, #161616",pattern,Grey,#a9a9a9,Grey,#000000,,Tie,Tie,"24x24 pixel art portrait, background: Grey (#bababa, #161616), hair: Grey #a9a9a9, eyes: Grey #000000, accessories: Tie"
lad_005_copper,Male,Multi,"#876f66, #1e0f09",pattern,Brown,#876f66,Brown,#000000,,Mustache,Mustache,"24x24 pixel art portrait, background: Multi (#876f66, #1e0f09), hair: Brown #876f66, eyes: Brown #000000, accessories: Mustache"
lad_006_redshift,Male,Brown,"#7d6364, #081355",pattern,Blonde,#0f2658,Blue,#f5c4a3,,,,"24x24 pixel art portrait, background: Brown (#7d6364, #081355), hair: Blonde #0f2658, eyes: Blue #f5c4a3"
lad_007_titanium,Male,Grey,"#57555a, #140b0c",pattern,Black,#57555a,Brown,#f2baad,,5'oclock shadow,5'oclock shadow,"24x24 pixel art portrait, background: Grey (#57555a, #140b0c), hair: Black #57555a, eyes: Brown #f2baad, accessories: 5'oclock shadow"
lad_008_platinum,Male,Multi,"#d0f9f3, #af3a30, #fcc084, #156af8, #848075",gradient,Black,#0d0405,Multi,#94908d,,"Face crack, Scruff","Face crack, Scruff","24x24 pixel art portrait, background: Multi (#d0f9f3, #af3a30, #fcc084, #156af8, #848075), hair: Black #0d0405, eyes: Multi #94908d, accessories: Face crack, Scruff"
lad_009_steel,Male,Blue,"#6072ff, #4d5068",pattern,Black/Grey/White,#6072ff,Brown,#acacac,,"Scruff, Glasses, Tie","Scruff, Glasses, Tie","24x24 pixel art portrait, background: Blue (#6072ff, #4d5068), hair: Black/Grey/White #6072ff, eyes: Brown #acacac, accessories: Scruff, Glasses, Tie"
lad_010_aluminum,Male,Blue,"#3bb8ff, #ff8b4b",pattern,Black/Grey/White,#d30707,Brown,#acacac,,"Hat, Scruff, Glasses","Hat, Scruff, Glasses","24x24 pixel art portrait, background: Blue (#3bb8ff, #ff8b4b), hair: Black/Grey/White #d30707, eyes: Brown #acacac, accessories: Hat, Scruff, Glasses"
lad_011_chocolate,Male,Multi,"#f2f1d4, #ff7162, #9f6f42, #dfc18b",gradient,Black/Grey,#3d3b38,Light Brown,#cf917b,,Beard,Beard,"24x24 pixel art portrait, background: Multi (#f2f1d4, #ff7162, #9f6f42, #dfc18b), hair: Black/Grey #3d3b38, eyes: Light Brown #cf917b, accessories: Beard"
lad_012_chromium,Male,Eggshell,"#ebe6ea, #c8945c, #ac9e6b",gradient,Ash Brown,#544f55,Blue,#000000,,Scruff,Scruff,"24x24 pixel art portrait, background: Eggshell (#ebe6ea, #c8945c, #ac9e6b), hair: Ash Brown #544f55, eyes: Blue #000000, accessories: Scruff"
lad_013_caramel,Male,Multi,"#1c467e, #f3f3f3, #ce4b26, #1e3bb3, #22397d",gradient,Black,#f3f3f3,Black,#000000,,,,"24x24 pixel art portrait, background: Multi (#1c467e, #f3f3f3, #ce4b26, #1e3bb3, #22397d), hair: Black #f3f3f3, eyes: Black #000000"
lad_014_sugar,Male,Blue,"#0153fd, #c9cbe2",pattern,Brown/Red,#0153fd,Blue,#000000,,,,"24x24 pixel art portrait, background: Blue (#0153fd, #c9cbe2), hair: Brown/Red #0153fd, eyes: Blue #000000"
lad_015_jackson,Male,,"#6ae745, #4a4945",pattern,,#6ae745,,#000000,,,,24x24 pixel art portrait
lad_016_tungsten,Male,,"#6ae745, #bfc1ac, #e3e5d7",gradient,,#6ae745,,#000000,,,,24x24 pixel art portrait
lad_017_ink,Male,,"#6ae745, #272928",pattern,,#7b8376,,#000000,,,,24x24 pixel art portrait
lad_018_mandarin,Male,,"#c2e19e, #131c43, #f35143",gradient,,#383c47,,#1a1a20,,,,24x24 pixel art portrait
lad_019_diamond,Male,,"#18d788, #05db73, #0eac93",gradient,,#5e3517,,#000000,,,,24x24 pixel art portrait
lad_020_gpu,Male,,"#93ac92, #070707",pattern,,#93ac92,,#e3bc9f,,,,24x24 pixel art portrait
lad_021_x,Male,Multi,"#94eb9d, #14c833, #59ea85, #57ec78, #49e963, #1f1f1f",gradient,Multi,#313d4a,Pink,#000000,,,,"24x24 pixel art portrait, background: Multi (#94eb9d, #14c833, #59ea85, #57ec78, #49e963, #1f1f1f), hair: Multi #313d4a, eyes: Pink #000000"
lad_022_x,Male,Green,"#14c833, #94eb9d, #54e971, #58ea7f, #66e979, #301c1b",gradient,Multi,#58ea7f,Multi,#684338,,,,"24x24 pixel art portrait, background: Green (#14c833, #94eb9d, #54e971, #58ea7f, #66e979, #301c1b), hair: Multi #58ea7f, eyes: Multi #684338"
lad_023_x-2,Male,Multi,"#6ed7db, #3ffe9e, #6ed9c7, #79ebc9, #81f4b1, #0e0e0e",gradient,Multi,#79ebc9,Pink,#000000,,,,"24x24 pixel art portrait, background: Multi (#6ed7db, #3ffe9e, #6ed9c7, #79ebc9, #81f4b1, #0e0e0e), hair: Multi #79ebc9, eyes: Pink #000000"
lad_023_x-3,Male,Multi,"#6ed7db, #3ffe9e, #6ed9c7, #79ebc9, #81f4b1, #0e0e0e",gradient,Multi,#79ebc9,Pink,#000000,,,,"24x24 pixel art portrait, background: Multi (#6ed7db, #3ffe9e, #6ed9c7, #79ebc9, #81f4b1, #0e0e0e), hair: Multi #79ebc9, eyes: Pink #000000"
lad_023_x-4,Male,Multi,"#6ed7db, #3ffe9e, #6ed9c7, #79ebc9, #81f4b1, #0e0e0e",gradient,Green,#79ebc9,Pink,#000000,,,,"24x24 pixel art portrait, background: Multi (#6ed7db, #3ffe9e, #6ed9c7, #79ebc9, #81f4b1, #0e0e0e), hair: Green #79ebc9, eyes: Pink #000000"
lad_023_x,Male,Multi,"#6ed7db, #3ffe9e, #6ed9c7, #79ebc9, #81f4b1, #0e0e0e",gradient,Multi,#79ebc9,Pink,#000000,,,,"24x24 pixel art portrait, background: Multi (#6ed7db, #3ffe9e, #6ed9c7, #79ebc9, #81f4b1, #0e0e0e), hair: Multi #79ebc9, eyes: Pink #000000"
lad_024_x,Male,Multi,"#220796, #a5a2da",pattern,Multi,#171640,Multi,#280114,,,,"24x24 pixel art portrait, background: Multi (#220796, #a5a2da), hair: Multi #171640, eyes: Multi #280114"
lad_025_x,Male,Pink,"#c2bbcd, #deeaf6, #1c020b",gradient,Pink,#202020,Multi,#cd8658,,,,"24x24 pixel art portrait, background: Pink (#c2bbcd, #deeaf6, #1c020b), hair: Pink #202020, eyes: Multi #cd8658"
lad_026_chromiumabstractsalmon,Male,Multi,"#3ffe9e, #f3b1bb, #eba2be",gradient,Multi,#544f55,Pink,#000000,,,,"24x24 pixel art portrait, background: Multi (#3ffe9e, #f3b1bb, #eba2be), hair: Multi #544f55, eyes: Pink #000000"
lad_027_chromiumabstractyellow,Male,Multi,"#3ffe9e, #fed9a3, #f8c479",gradient,Multi,#544f55,Pink,#000000,,,,"24x24 pixel art portrait, background: Multi (#3ffe9e, #fed9a3, #f8c479), hair: Multi #544f55, eyes: Pink #000000"
lad_028_chromiumabstractgreen,Male,Multi,"#3ffe9e, #7d9c91, #5c756c",gradient,Multi,#544f55,Pink,#000000,,,,"24x24 pixel art portrait, background: Multi (#3ffe9e, #7d9c91, #5c756c), hair: Multi #544f55, eyes: Pink #000000"
lad_029_famous-9,Male,Blue,"#1831cf, #f7931a, #f9a33b",gradient,Blue,#1831cf,Orange,#7ea427,,,,"24x24 pixel art portrait, background: Blue (#1831cf, #f7931a, #f9a33b), hair: Blue #1831cf, eyes: Orange #7ea427"
lad_029_famous4,Male,Lavender,"#ead582, #dfb065, #f9e898, #e4c96e, #d9c06e, #f7931a, #f9a33b",gradient,Lavender,#e4c96e,Pink,#7cee74,,,,"24x24 pixel art portrait, background: Lavender (#ead582, #dfb065, #f9e898, #e4c96e, #d9c06e, #f7931a, #f9a33b), hair: Lavender #e4c96e, eyes: Pink #7cee74"
lad_030_ink,Male,Grey,"#5e5c5f, #c3a59a, #222742",gradient,Grey,#272727,Multi,#000000,,,,"24x24 pixel art portrait, background: Grey (#5e5c5f, #c3a59a, #222742), hair: Grey #272727, eyes: Multi #000000"
lad_031_fin,Male,Multi,"#051e09, #35e151, #08350c, #076d09, #12c62f, #521017, #888888",gradient,Multi,#171719,Grey,#000000,,,,"24x24 pixel art portrait, background: Multi (#051e09, #35e151, #08350c, #076d09, #12c62f, #521017, #888888), hair: Multi #171719, eyes: Grey #000000"
lad_032_shaman-4,Male,Pink,"#989898, #000000, #c12e27",gradient,Pink,#989898,Pink,#b381a4,,,,"24x24 pixel art portrait, background: Pink (#989898, #000000, #c12e27), hair: Pink #989898, eyes: Pink #b381a4"
lad_033_molecule-2,Male,Pink,"#b8b1a9, #2f253d, #dbdbdb",gradient,Pink,#b8b1a9,Lavender,#e7af96,,,,"24x24 pixel art portrait, background: Pink (#b8b1a9, #2f253d, #dbdbdb), hair: Pink #b8b1a9, eyes: Lavender #e7af96"
lad_035_JUAN,Male,Multi,"#5fce7f, #00325d, #004178",gradient,Multi,#544337,Multi,#2c2626,,,,"24x24 pixel art portrait, background: Multi (#5fce7f, #00325d, #004178), hair: Multi #544337, eyes: Multi #2c2626"
lad_036_x,Male,Multi,"#65e8b6, #45e470, #6be99f, #5feb8b, #52eb79, #1f1f1f",gradient,Pink,#e3d9c8,Lavender,#000000,,,,"24x24 pixel art portrait, background: Multi (#65e8b6, #45e470, #6be99f, #5feb8b, #52eb79, #1f1f1f), hair: Pink #e3d9c8, eyes: Lavender #000000"
lad_037_aressprout,Male,Pink,"#a9beaf, #313737",pattern,Pink,#544c3f,Pink,#dbbca0,,,,"24x24 pixel art portrait, background: Pink (#a9beaf, #313737), hair: Pink #544c3f, eyes: Pink #dbbca0"
lad_038_cashking-6,Male,Multi,"#8498a9, #232021, #282326",gradient,Multi,#1a140b,Black,#000000,,,,"24x24 pixel art portrait, background: Multi (#8498a9, #232021, #282326), hair: Multi #1a140b, eyes: Black #000000"
lad_039_davinci-2,Male,Multi,"#6d654a, #1f1f1b, #5d4f3e",gradient,Multi,#252827,Lavender,#000000,,,,"24x24 pixel art portrait, background: Multi (#6d654a, #1f1f1b, #5d4f3e), hair: Multi #252827, eyes: Lavender #000000"
lad_040_melzarmagic,Male,Multi,"#97775a, #e3e9ee, #555c65",gradient,Multi,#97775a,Pink,#bfaa98,,,,"24x24 pixel art portrait, background: Multi (#97775a, #e3e9ee, #555c65), hair: Multi #97775a, eyes: Pink #bfaa98"
lad_041_Maradona,Male,Multi,"#2c595e, #0dbc5f, #d7d9e8",gradient,Multi,#212124,Lavender,#000000,,,,"24x24 pixel art portrait, background: Multi (#2c595e, #0dbc5f, #d7d9e8), hair: Multi #212124, eyes: Lavender #000000"
lad_043_jeremey,Male,Multi,"#92a3bd, #b3b3b5, #322d2a, #8a7c79",gradient,Multi,#adbece,Multi,#033590,,,,"24x24 pixel art portrait, background: Multi (#92a3bd, #b3b3b5, #322d2a, #8a7c79), hair: Multi #adbece, eyes: Multi #033590"
lad_045_homewithkids3,Male,Multi,"#954c4e, #b3b9b5, #9fbca6",gradient,Multi,#dcccb3,Lavender,#d9ab92,,,,"24x24 pixel art portrait, background: Multi (#954c4e, #b3b9b5, #9fbca6), hair: Multi #dcccb3, eyes: Lavender #d9ab92"
lad_046_NATE,Male,Multi,"#ac4242, #22241f, #4f5b59",gradient,Multi,#142b37,Multi,#2e2d2d,,,,"24x24 pixel art portrait, background: Multi (#ac4242, #22241f, #4f5b59), hair: Multi #142b37, eyes: Multi #2e2d2d"
lad_050_nate-2,Male,Grey,"#949087, #22222a",pattern,Grey,#949087,Lavender,#000000,,,,"24x24 pixel art portrait, background: Grey (#949087, #22222a), hair: Grey #949087, eyes: Lavender #000000"
lad_050_nate,Male,Grey,"#949087, #22222a",pattern,Grey,#949087,Lavender,#000000,,,,"24x24 pixel art portrait, background: Grey (#949087, #22222a), hair: Grey #949087, eyes: Lavender #000000"
lad_051_DEVON-2,Male,Multi,"#b27886, #44323c, #37403f, #3f2232",gradient,Multi,#2f1c18,Lavender,#e9ab86,,,,"24x24 pixel art portrait, background: Multi (#b27886, #44323c, #37403f, #3f2232), hair: Multi #2f1c18, eyes: Lavender #e9ab86"
lad_051_DEVON-4,Male,Multi,"#400089, #44323c, #37403f, #3f2232",gradient,Multi,#8531b1,Lavender,#e9ab86,,,,"24x24 pixel art portrait, background: Multi (#400089, #44323c, #37403f, #3f2232), hair: Multi #8531b1, eyes: Lavender #e9ab86"
lad_054_sterling,Male,Pink,"#a2a2a2, #29251e",pattern,Pink,#a2a2a2,Pink,#000000,,,,"24x24 pixel art portrait, background: Pink (#a2a2a2, #29251e), hair: Pink #a2a2a2, eyes: Pink #000000"
lad_054_sterlingglasses,Male,Pink,"#a2a2a2, #29251e",pattern,Pink,#a2a2a2,Multi,#000000,,,,"24x24 pixel art portrait, background: Pink (#a2a2a2, #29251e), hair: Pink #a2a2a2, eyes: Multi #000000"
lad_054_sterlingglasses3withcrown5,Male,Multi,"#e6368f, #d12aae, #ba01c5, #d82ea9, #29251e",gradient,Orange,#63be7c,Multi,#000000,,,,"24x24 pixel art portrait, background: Multi (#e6368f, #d12aae, #ba01c5, #d82ea9, #29251e), hair: Orange #63be7c, eyes: Multi #000000"
lad_055_Luke,Male,Multi,"#289ef4, #49e0b8, #48e299, #3ed2c3, #797b87",gradient,Multi,#51eab1,Pink,#000000,,,,"24x24 pixel art portrait, background: Multi (#289ef4, #49e0b8, #48e299, #3ed2c3, #797b87), hair: Multi #51eab1, eyes: Pink #000000"
lad_055_Luke10,Male,Multi,"#8d61d7, #20cb77, #7d88bf, #6ca1aa, #51b791, #797b87",gradient,Multi,#6ca1aa,Pink,#000000,,,,"24x24 pixel art portrait, background: Multi (#8d61d7, #20cb77, #7d88bf, #6ca1aa, #51b791, #797b87), hair: Multi #6ca1aa, eyes: Pink #000000"
lad_055_Luke3,Male,Pink,"#9b6cde, #7f4dca, #797b87",gradient,Multi,#2d2d2d,Pink,#000000,,,,"24x24 pixel art portrait, background: Pink (#9b6cde, #7f4dca, #797b87), hair: Multi #2d2d2d, eyes: Pink #000000"
lad_055_Luke6,Male,Multi,"#066cc9, #5be886, #24abb2, #3dc7a2, #53e08f, #797b87",gradient,Multi,#8959d3,Multi,#6b285b,,,,"24x24 pixel art portrait, background: Multi (#066cc9, #5be886, #24abb2, #3dc7a2, #53e08f, #797b87), hair: Multi #8959d3, eyes: Multi #6b285b"
lad_055_Luke8,Male,Multi,"#8d61d7, #20cb77, #7d88bf, #6ca1aa, #51b791, #4168b5",gradient,Red,#ec5b2c,Pink,#000000,,,,"24x24 pixel art portrait, background: Multi (#8d61d7, #20cb77, #7d88bf, #6ca1aa, #51b791, #4168b5), hair: Red #ec5b2c, eyes: Pink #000000"
lad_057_Hugh,Male,Multi,"#3a3c3b, #2a263e",pattern,Multi,#765a45,Lavender,#000000,,,,"24x24 pixel art portrait, background: Multi (#3a3c3b, #2a263e), hair: Multi #765a45, eyes: Lavender #000000"
lad_057_Hugh5,Male,Multi,"#009246, #ce2b37, #ffffff, #2a263e",gradient,White,#7c5131,Black,#000000,,,,"24x24 pixel art portrait, background: Multi (#009246, #ce2b37, #ffffff, #2a263e), hair: White #7c5131, eyes: Black #000000"
lad_058_SAVVA,Male,Multi,"#809fb7, #282735",pattern,Multi,#c1b4ac,Lavender,#000000,,,,"24x24 pixel art portrait, background: Multi (#809fb7, #282735), hair: Multi #c1b4ac, eyes: Lavender #000000"
lad_059_SamAScientist,Male,Multi,"#72c2cb, #ffffff",pattern,Multi,#544f55,Multi,#adc9fc,,,,"24x24 pixel art portrait, background: Multi (#72c2cb, #ffffff), hair: Multi #544f55, eyes: Multi #adc9fc"
lad_060_bhaitradingbot2,Male,Grey,"#595860, #c4b887, #cdb46a",gradient,Grey,#181417,Multi,#000000,,,,"24x24 pixel art portrait, background: Grey (#595860, #c4b887, #cdb46a), hair: Grey #181417, eyes: Multi #000000"
lad_061_DOPE7,Male,Multi,"#487355, #313a65, #25a5ff",gradient,Multi,#39282b,Black,#000000,,,,"24x24 pixel art portrait, background: Multi (#487355, #313a65, #25a5ff), hair: Multi #39282b, eyes: Black #000000"
lad_062_devox2,Male,Multi,"#7d4747, #1f1e23",pattern,Multi,#7d4747,Lavender,#000000,,,,"24x24 pixel art portrait, background: Multi (#7d4747, #1f1e23), hair: Multi #7d4747, eyes: Lavender #000000"
lad_063_kenichi,Male,Red,"#d53f31, #180c0c",pattern,Multi,#361e14,Multi,#000000,,,,"24x24 pixel art portrait, background: Red (#d53f31, #180c0c), hair: Multi #361e14, eyes: Multi #000000"
lad_064_Scott,Male,Multi,"#90a3a9, #1d252e",pattern,Multi,#584634,Pink,#000000,,,,"24x24 pixel art portrait, background: Multi (#90a3a9, #1d252e), hair: Multi #584634, eyes: Pink #000000"
lad_064_sensei,Male,White,"#e6e5e5, #292a2e",pattern,White,#e6e5e5,Lavender,#000000,,,,"24x24 pixel art portrait, background: White (#e6e5e5, #292a2e), hair: White #e6e5e5, eyes: Lavender #000000"
lad_066_napoli2,Male,Multi,"#a51f16, #cca988, #ab624a",gradient,Multi,#4d5046,Multi,#6f634f,,,,"24x24 pixel art portrait, background: Multi (#a51f16, #cca988, #ab624a), hair: Multi #4d5046, eyes: Multi #6f634f"
lad_068_mayor,Male,Multi,"#5678a9, #d16436, #000000",gradient,Black,#e26e3a,Grey,#422b82,,,,"24x24 pixel art portrait, background: Multi (#5678a9, #d16436, #000000), hair: Black #e26e3a, eyes: Grey #422b82"
lad_070_IRAsBF2,Male,Pink,"#b0c4c3, #986b67, #c5a28c",gradient,Pink,#1a232a,Lavender,#000000,,,,"24x24 pixel art portrait, background: Pink (#b0c4c3, #986b67, #c5a28c), hair: Pink #1a232a, eyes: Lavender #000000"
lad_075_mmhm,Male,Pink,"#e19dfa, #e7ce92, #f9e6d5, #a98e69",gradient,Pink,#ffeec0,Pink,#000000,,,,"24x24 pixel art portrait, background: Pink (#e19dfa, #e7ce92, #f9e6d5, #a98e69), hair: Pink #ffeec0, eyes: Pink #000000"
lad_078_btoshi,Male,Pink,"#a5a5a7, #393335",pattern,Black,#171516,Multi,#000000,,,,"24x24 pixel art portrait, background: Pink (#a5a5a7, #393335), hair: Black #171516, eyes: Multi #000000"
lad_079_ravish,Male,Pink,"#c2bca6, #b13830, #252525",gradient,Pink,#3c332e,Multi,#000000,,,,"24x24 pixel art portrait, background: Pink (#c2bca6, #b13830, #252525), hair: Pink #3c332e, eyes: Multi #000000"
lad_080_fcpo,Male,Multi,"#dd9543, #b3a1cb, #43434f",gradient,Multi,#8d827c,Pink,#000000,,,,"24x24 pixel art portrait, background: Multi (#dd9543, #b3a1cb, #43434f), hair: Multi #8d827c, eyes: Pink #000000"
lad_081_iggy2,Male,Pink,"#dacdbc, #a4f830, #e9e2d0",gradient,Pink,#7c7f8e,Multi,#7a674c,,,,"24x24 pixel art portrait, background: Pink (#dacdbc, #a4f830, #e9e2d0), hair: Pink #7c7f8e, eyes: Multi #7a674c"
lad_086_Scooby,Male,Pink,"#9fadb8, #9f763b",pattern,Pink,#917c73,Pink,#000000,,,,"24x24 pixel art portrait, background: Pink (#9fadb8, #9f763b), hair: Pink #917c73, eyes: Pink #000000"
lad_087_HEEM,Male,Pink,"#e4dcc7, #252628",pattern,Multi,#679885,Multi,#000000,,,,"24x24 pixel art portrait, background: Pink (#e4dcc7, #252628), hair: Multi #679885, eyes: Multi #000000"
lad_088_Kareem,Male,Multi,"#3e3e3e, #373636",pattern,Multi,#313131,Grey,#000000,,,,"24x24 pixel art portrait, background: Multi (#3e3e3e, #373636), hair: Multi #313131, eyes: Grey #000000"
lad_089_aguda,Male,Multi,"#1f1f1f, #0e0e0e, #a3a3a3",gradient,Multi,#1f1f1f,Multi,#000000,,,,"24x24 pixel art portrait, background: Multi (#1f1f1f, #0e0e0e, #a3a3a3), hair: Multi #1f1f1f, eyes: Multi #000000"
lad_090_drscott,Male,Multi,"#d97c4c, #5e7d97",pattern,Multi,#d48f61,Pink,#000000,,,,"24x24 pixel art portrait, background: Multi (#d97c4c, #5e7d97), hair: Multi #d48f61, eyes: Pink #000000"
lad_091_amit,Male,White,"#eff4fa, #1b5690, #eff7fa",gradient,Multi,#a3c6e6,Grey,#01021e,,,,"24x24 pixel art portrait, background: White (#eff4fa, #1b5690, #eff7fa), hair: Multi #a3c6e6, eyes: Grey #01021e"
lad_092_derrick,Male,Pink,"#beceda, #e8eef4, #828690",gradient,Pink,#d6ac80,Pink,#000000,,,,"24x24 pixel art portrait, background: Pink (#beceda, #e8eef4, #828690), hair: Pink #d6ac80, eyes: Pink #000000"
lad_093_photogee,Male,Multi,"#373737, #404040, #e5e5e5",gradient,Multi,#373737,Multi,#000000,,,,"24x24 pixel art portrait, background: Multi (#373737, #404040, #e5e5e5), hair: Multi #373737, eyes: Multi #000000"
lad_094_storm,Male,Multi,"#5bc8dd, #373d4d, #03cebb",gradient,Multi,#5bc8dd,Brown,#000000,,,,"24x24 pixel art portrait, background: Multi (#5bc8dd, #373d4d, #03cebb), hair: Multi #5bc8dd, eyes: Brown #000000"
lad_095_godfather,Male,Multi,"#52505c, #231d23",pattern,Multi,#52505c,Multi,#000000,,,,"24x24 pixel art portrait, background: Multi (#52505c, #231d23), hair: Multi #52505c, eyes: Multi #000000"
lad_096_apollo,Male,Multi,"#86bddb, #d9e0e8, #002c8b",gradient,Black,#0b0b09,Multi,#000000,,,,"24x24 pixel art portrait, background: Multi (#86bddb, #d9e0e8, #002c8b), hair: Black #0b0b09, eyes: Multi #000000"
lad_097_drralph,Male,White,"#ffffff, #1b0c11",pattern,White,#442827,Lavender,#000000,,,,"24x24 pixel art portrait, background: White (#ffffff, #1b0c11), hair: White #442827, eyes: Lavender #000000"
lad_098_Murtaza,Male,Grey,"#70948a, #485067, #4d5971",gradient,Grey,#70948a,Multi,#000000,,,,"24x24 pixel art portrait, background: Grey (#70948a, #485067, #4d5971), hair: Grey #70948a, eyes: Multi #000000"
lad_099_amenshiller,Male,Pink,"#b3b0b0, #eae8e9",pattern,Pink,#b3b0b0,Multi,#000000,,,,"24x24 pixel art portrait, background: Pink (#b3b0b0, #eae8e9), hair: Pink #b3b0b0, eyes: Multi #000000"
lad_102_bunya,Male,Multi,"#1d2740, #413735",pattern,Multi,#725837,Pink,#000000,,,,"24x24 pixel art portrait, background: Multi (#1d2740, #413735), hair: Multi #725837, eyes: Pink #000000"
lad_102_bunya2,Male,Multi,"#969c9e, #413735",pattern,Multi,#725837,Pink,#000000,,,,"24x24 pixel art portrait, background: Multi (#969c9e, #413735), hair: Multi #725837, eyes: Pink #000000"
lad_102_bunya3,Male,Multi,"#1d2740, #413735",pattern,Multi,#725837,Pink,#282320,,,,"24x24 pixel art portrait, background: Multi (#1d2740, #413735), hair: Multi #725837, eyes: Pink #282320"
lad_103_merheb,Male,White,"#ebe6ea, #a28867, #9c8364",gradient,White,#ebe6ea,Lavender,#000000,,,,"24x24 pixel art portrait, background: White (#ebe6ea, #a28867, #9c8364), hair: White #ebe6ea, eyes: Lavender #000000"
lad_103_merheb2,Male,Multi,"#0083ef, #a28867, #9c8364",gradient,Multi,#0083ef,Lavender,#000000,,,,"24x24 pixel art portrait, background: Multi (#0083ef, #a28867, #9c8364), hair: Multi #0083ef, eyes: Lavender #000000"
lad_74_lc,Male,Pink,"#b3b3b3, #0c0c0c, #232323",gradient,Multi,#232323,Multi,#000000,,,,"24x24 pixel art portrait, background: Pink (#b3b3b3, #0c0c0c, #232323), hair: Multi #232323, eyes: Multi #000000"
lady_000_lemon,Female,Yellow,"#f8e701, #2f81bd",pattern,Brown,#523628,Purple,#000000,,Headband,Headband,"24x24 pixel art portrait, background: Yellow (#f8e701, #2f81bd), hair: Brown #523628, eyes: Purple #000000, accessories: Headband"
lady_001_hazelnut,Female,Green,"#1d4a46, #000000",pattern,Brown,#1d4a46,Green,#000000,,"Earrings, Necklace, Bow","Earrings, Necklace, Bow","24x24 pixel art portrait, background: Green (#1d4a46, #000000), hair: Brown #1d4a46, eyes: Green #000000, accessories: Earrings, Necklace, Bow"
lady_002_vanilla,Female,Blue,"#c3d4ef, #000000",pattern,Blonde,#c3d4ef,Blue,#000000,,"Earrings, Necklace","Earrings, Necklace","24x24 pixel art portrait, background: Blue (#c3d4ef, #000000), hair: Blonde #c3d4ef, eyes: Blue #000000, accessories: Earrings, Necklace"
lady_003_cashew,Female,Grey,"#888b82, #eeefe9",pattern,Black,#888b82,Brown,#000000,,"Earrings, Necklace","Earrings, Necklace","24x24 pixel art portrait, background: Grey (#888b82, #eeefe9), hair: Black #888b82, eyes: Brown #000000, accessories: Earrings, Necklace"
lady_004_nutmeg,Female,Orange,"#ffc8a0, #c68b3d",pattern,Black,#2c2129,Brown,#000000,,Earrings,Earrings,"24x24 pixel art portrait, background: Orange (#ffc8a0, #c68b3d), hair: Black #2c2129, eyes: Brown #000000, accessories: Earrings"
lady_005_cinnamon,Female,Brown,"#453128, #000000",pattern,Red,#453128,Green,#000000,,Necklace,Necklace,"24x24 pixel art portrait, background: Brown (#453128, #000000), hair: Red #453128, eyes: Green #000000, accessories: Necklace"
lady_006_pepper,Female,Multi,"#ffffff, #000000, #222222",gradient,Black/White,#000000,Green,#000000,,Earrings,Earrings,"24x24 pixel art portrait, background: Multi (#ffffff, #000000, #222222), hair: Black/White #000000, eyes: Green #000000, accessories: Earrings"
lady_007_alloy,Female,Purple,"#1d0a37, #96234e",pattern,Blonde,#1d0a37,Blue,#000000,,Ocular Implant,Ocular Implant,"24x24 pixel art portrait, background: Purple (#1d0a37, #96234e), hair: Blonde #1d0a37, eyes: Blue #000000, accessories: Ocular Implant"
lady_008_pinksilk,Female,Pink,"#ed98bf, #2b2b2b",pattern,Brown,#523628,Brown,#000000,,"Earrings, Necklace, Crown, Cig Holder","Earrings, Necklace, Crown, Cig Holder","24x24 pixel art portrait, background: Pink (#ed98bf, #2b2b2b), hair: Brown #523628, eyes: Brown #000000, accessories: Earrings, Necklace, Crown, Cig Holder"
lady_009_bluesilk,Female,Blue,"#94d6d0, #2b2b2b",pattern,Brown,#523628,Sunglasses,#282728,,"Earrings, Necklace, Crown",glasses,"24x24 pixel art portrait, background: Blue (#94d6d0, #2b2b2b), hair: Brown #523628, eyes: Sunglasses #282728, accessories: glasses"
lady_010_saffron,Female,Green,"#12281c, #e5d6b2, #000000",gradient,Blonde,#12281c,Green,#000000,,,,"24x24 pixel art portrait, background: Green (#12281c, #e5d6b2, #000000), hair: Blonde #12281c, eyes: Green #000000"
lady_011_sage,Female,Blue,"#6b92a6, #36200d, #000000",gradient,Brown,#6b92a6,Green,#000000,,Earrings,Earrings,"24x24 pixel art portrait, background: Blue (#6b92a6, #36200d, #000000), hair: Brown #6b92a6, eyes: Green #000000, accessories: Earrings"
lady_012_parasite,Female,Multi,"#37dff9, #040f61, #000000",gradient,Black,#37dff9,Blue,#000000,,Mask,Mask,"24x24 pixel art portrait, background: Multi (#37dff9, #040f61, #000000), hair: Black #37dff9, eyes: Blue #000000, accessories: Mask"
lady_013_rosemary,Female,Multi,"#949bd2, #e9aa9b, #6d4a32, #b19551",gradient,Brown,#a9b1df,Green,#000000,,Earrings,Earrings,"24x24 pixel art portrait, background: Multi (#949bd2, #e9aa9b, #6d4a32, #b19551), hair: Brown #a9b1df, eyes: Green #000000, accessories: Earrings"
lady_014_olive,Female,Purple,"#1f003b, #e5d6b2, #000000",gradient,Blonde,#1f003b,Sunglasses,#764340,,,glasses,"24x24 pixel art portrait, background: Purple (#1f003b, #e5d6b2, #000000), hair: Blonde #1f003b, eyes: Sunglasses #764340, accessories: glasses"
lady_015_lime,Female,Green,"#b6df19, #827d84, #262a36",gradient,Black/Grey,#b6df19,Brown,#000000,,Glasses,Glasses,"24x24 pixel art portrait, background: Green (#b6df19, #827d84, #262a36), hair: Black/Grey #b6df19, eyes: Brown #000000, accessories: Glasses"
lady_016_honey,Female,Multi,"#db9f5e, #f7c978, #000000",gradient,Grey,#f7c978,Green,#000000,,Glasses,glasses,"24x24 pixel art portrait, background: Multi (#db9f5e, #f7c978, #000000), hair: Grey #f7c978, eyes: Green #000000, accessories: glasses"
lady_017_pine,Female,Green,"#b8c37f, #4e6fa2, #ebeab1",gradient,Brown/Red,#b8c37f,Brown,#000000,,,,"24x24 pixel art portrait, background: Green (#b8c37f, #4e6fa2, #ebeab1), hair: Brown/Red #b8c37f, eyes: Brown #000000"
lady_018_strawberry,Female,Green,"#2c5f34, #93221e, #000000",gradient,Red,#2c5f34,Green,#000000,,Necklace,Necklace,"24x24 pixel art portrait, background: Green (#2c5f34, #93221e, #000000), hair: Red #2c5f34, eyes: Green #000000, accessories: Necklace"
lady_019_banana,Female,Purple,"#566ee8, #93221e, #000000",gradient,Red,#60b28e,Sunglasses,#6e514a,hat,"Necklace,  Beanie","Necklace,  Beanie","24x24 pixel art portrait, background: Purple (#566ee8, #93221e, #000000), hair: Red #60b28e, eyes: Sunglasses #6e514a, wearing hat, accessories: Necklace,  Beanie"
lady_020_blood,Female,Multi,"#ff829f, #d70051, #5c6882, #000000",gradient,Black,#d70051,Brown,#000000,,Necklace,Necklace,"24x24 pixel art portrait, background: Multi (#ff829f, #d70051, #5c6882, #000000), hair: Black #d70051, eyes: Brown #000000, accessories: Necklace"
lady_021_diamond,Female,Blue,"#e6fffd, #522716, #94d6d0",gradient,Brown/Red,#e6fffd,Hazel,#000000,,"Earrings, Necklace","Earrings, Necklace","24x24 pixel art portrait, background: Blue (#e6fffd, #522716, #94d6d0), hair: Brown/Red #e6fffd, eyes: Hazel #000000, accessories: Earrings, Necklace"
lady_022_gold,Female,Grey,"#4d4d4d, #000000",pattern,Brown,#4d4d4d,Green,#000000,,"Earrings, Necklace, Bow","Earrings, Necklace, Bow","24x24 pixel art portrait, background: Grey (#4d4d4d, #000000), hair: Brown #4d4d4d, eyes: Green #000000, accessories: Earrings, Necklace, Bow"
lady_023_silver,Female,Multi,"#e3effc, #d7d7d7, #000000",gradient,Brown,#d7d7d7,Green,#000000,,"Earrings, Necklace, Bow","Earrings, Necklace, Bow","24x24 pixel art portrait, background: Multi (#e3effc, #d7d7d7, #000000), hair: Brown #d7d7d7, eyes: Green #000000, accessories: Earrings, Necklace, Bow"
lady_024_linen,Female,Blue,"#94d6d0, #352319, #dbcafd, #5e4236",gradient,Brown,#94d6d0,Green,#000000,,Bow,Bow,"24x24 pixel art portrait, background: Blue (#94d6d0, #352319, #dbcafd, #5e4236), hair: Brown #94d6d0, eyes: Green #000000, accessories: Bow"
lady_025_mistletoe,Female,Blue,"#000c55, #352319, #0cae4d, #5e4236",gradient,Brown,#000c55,Green,#000000,,Bow,bows,"24x24 pixel art portrait, background: Blue (#000c55, #352319, #0cae4d, #5e4236), hair: Brown #000c55, eyes: Green #000000, accessories: bows"
lady_026_fur,Female,Blue,"#0153fd, #1d120c, #000000, #180f08",gradient,Black,#0153fd,Green,#000000,,Cat ears,Cat ears,"24x24 pixel art portrait, background: Blue (#0153fd, #1d120c, #000000, #180f08), hair: Black #0153fd, eyes: Green #000000, accessories: Cat ears"
lady_027_nitrogen,Female,Multi,"#4682f8, #5399f8, #1d120c, #000000, #180f08",gradient,Black,#000000,Green,#000000,hat,"Glasses, Hat","Glasses, Hat","24x24 pixel art portrait, background: Multi (#4682f8, #5399f8, #1d120c, #000000, #180f08), hair: Black #000000, eyes: Green #000000, wearing hat, accessories: Glasses, Hat"
lady_028_marshmallow,Female,Pink,"#ffc7d4, #f7d2a7",pattern,Black,#ffc7d4,Brown,#000000,,Earrings,Earrings,"24x24 pixel art portrait, background: Pink (#ffc7d4, #f7d2a7), hair: Black #ffc7d4, eyes: Brown #000000, accessories: Earrings"
lady_029_basil,Female,Multi,"#62a233, #2c621a, #ac65a4",gradient,Brown,#2c621a,Brown,#000000,,Glasses,glasses,"24x24 pixel art portrait, background: Multi (#62a233, #2c621a, #ac65a4), hair: Brown #2c621a, eyes: Brown #000000, accessories: glasses"
lady_030_grass,Female,Multi,"#ffe7cd, #ff8c61, #ffcf72, #3a342c, #fd5d5d, #584435",gradient,Brown,#494350,Hazel,#000000,,,,"24x24 pixel art portrait, background: Multi (#ffe7cd, #ff8c61, #ffcf72, #3a342c, #fd5d5d, #584435), hair: Brown #494350, eyes: Hazel #000000"
lady_031_paprika,Female,White,"#ffffff, #3c140e, #a9a9ab",gradient,Red,#83322e,Black,#000000,,Necklace,Necklace,"24x24 pixel art portrait, background: White (#ffffff, #3c140e, #a9a9ab), hair: Red #83322e, eyes: Black #000000, accessories: Necklace"
lady_032_salt,Female,Red,"#a61114, #f1e4c7, #eedbbe",gradient,Brown/Grey,#dcd5d0,Brown,#000000,,"Earrings, Glasses",glasses,"24x24 pixel art portrait, background: Red (#a61114, #f1e4c7, #eedbbe), hair: Brown/Grey #dcd5d0, eyes: Brown #000000, accessories: glasses"
lady_033_staranise,Female,Pink,"#ffd7d7, #420014, #65001f, #a7806f",gradient,Brown,#ffd7d7,Eyes,#000000,,Necklace,Necklace,"24x24 pixel art portrait, background: Pink (#ffd7d7, #420014, #65001f, #a7806f), hair: Brown #ffd7d7, eyes: Eyes #000000, accessories: Necklace"
lady_034_lavender,Female,Multi,"#d7c3c1, #f9e4c5, #7a524b",gradient,Brown,#f9e4c5,Brown/Purple/Red,#000000,,Earrings,Earrings,"24x24 pixel art portrait, background: Multi (#d7c3c1, #f9e4c5, #7a524b), hair: Brown #f9e4c5, eyes: Brown/Purple/Red #000000, accessories: Earrings"
lady_035_turmeric,Female,Pink,"#ffc5b3, #8b8ca0, #c6a576",gradient,Brown/Blonde,#7295a1,Brown/Purple/Red,#000000,hat,"Earrings, Hat","Earrings, Hat","24x24 pixel art portrait, background: Pink (#ffc5b3, #8b8ca0, #c6a576), hair: Brown/Blonde #7295a1, eyes: Brown/Purple/Red #000000, wearing hat, accessories: Earrings, Hat"
lady_036_boisenberry,Female,Purple,"#480745, #93221e, #b15237, #c95351",gradient,Red,#480745,Green,#000000,,,,"24x24 pixel art portrait, background: Purple (#480745, #93221e, #b15237, #c95351), hair: Red #480745, eyes: Green #000000"
lady_037_rose,Female,Pink,"#ea9d95, #ffe9b5, #4f4e4d",gradient,Brown,#ea9d95,Brown,#000000,,"Earrings, Necklace",glasses,"24x24 pixel art portrait, background: Pink (#ea9d95, #ffe9b5, #4f4e4d), hair: Brown #ea9d95, eyes: Brown #000000, accessories: glasses"
lady_038_peanut,Female,Blue,"#bae4f4, #de5782",pattern,Black/Red,#bae4f4,Black/Purple,#000000,,Necklace,Necklace,"24x24 pixel art portrait, background: Blue (#bae4f4, #de5782), hair: Black/Red #bae4f4, eyes: Black/Purple #000000, accessories: Necklace"
lady_039_sandalwood,Female,Lavender,"#dcb3ff, #93221e, #f9e5d3, #c95351",gradient,Red,#dcb3ff,Sunglasses,#5a1156,,,,"24x24 pixel art portrait, background: Lavender (#dcb3ff, #93221e, #f9e5d3, #c95351), hair: Red #dcb3ff, eyes: Sunglasses #5a1156"
lady_040_fivespice,Female,Yellow,"#fcfe66, #1e1a1b",pattern,Black/Brown,#fcfe66,Red/Brown,#000000,,Necklace,glasses,"24x24 pixel art portrait, background: Yellow (#fcfe66, #1e1a1b), hair: Black/Brown #fcfe66, eyes: Red/Brown #000000, accessories: glasses"
lady_041_bayleaf,Female,Blue,"#6b93bb, #93221e, #b15237, #c95351",gradient,Red,#6b93bb,Green,#000000,,"Scarf, Cig","Scarf, Cig","24x24 pixel art portrait, background: Blue (#6b93bb, #93221e, #b15237, #c95351), hair: Red #6b93bb, eyes: Green #000000, accessories: Scarf, Cig"
lady_042_almond,Female,Pink,"#f7c2bc, #43352a, #251e1b",gradient,Brown,#f7c2bc,Brown,#000000,,,,"24x24 pixel art portrait, background: Pink (#f7c2bc, #43352a, #251e1b), hair: Brown #f7c2bc, eyes: Brown #000000"
lady_043_orange,Female,Pink,"#950058, #05db73, #5a0024, #2f3336",gradient,Dark brown,#950058,,#000000,,,,"24x24 pixel art portrait, background: Pink (#950058, #05db73, #5a0024, #2f3336), hair: Dark brown #950058"
lady_044_x,Female,Purple,"#3ffe9e, #35dd88, #ffeb74",gradient,Black,#3ffe9e,,#000000,crown,,glasses,"24x24 pixel art portrait, background: Purple (#3ffe9e, #35dd88, #ffeb74), hair: Black #3ffe9e, wearing crown, accessories: glasses"
lady_045_x,Female,Green striped,"#3ffe9e, #35dd88, #c1b6ad, #ffa325",gradient,Black,#3ffe9e,,#000000,,,,"24x24 pixel art portrait, background: Green striped (#3ffe9e, #35dd88, #c1b6ad, #ffa325), hair: Black #3ffe9e"
lady_046_x,Female,Green striped,"#3ffe9e, #00dd73, #35dd88, #1c1f27, #f5c1f1, #383838",gradient,white gradient,#35dd88,,#46382a,,,,"24x24 pixel art portrait, background: Green striped (#3ffe9e, #00dd73, #35dd88, #1c1f27, #f5c1f1, #383838), hair: white gradient #35dd88"
lady_047_x,Female,Green striped,"#35dd88, #bfa389, #feccc0",gradient,Black,#35dd88,,#000000,,,glasses,"24x24 pixel art portrait, background: Green striped (#35dd88, #bfa389, #feccc0), hair: Black #35dd88, accessories: glasses"
lady_048_pink,Female,Green,"#e50bb4, #420d15, #00469c, #f74263",gradient,Blonde wavy,#e50bb4,,#000000,,,,"24x24 pixel art portrait, background: Green (#e50bb4, #420d15, #00469c, #f74263), hair: Blonde wavy #e50bb4"
lady_049_abstractangels,Female,Magenta,"#0fce6f, #a5ff9b, #cccccc, #06c76c, #e8f0f3",gradient,purple split,#24d771,,#000000,,,,"24x24 pixel art portrait, background: Magenta (#0fce6f, #a5ff9b, #cccccc, #06c76c, #e8f0f3), hair: purple split #24d771"
lady_050_x-6,Female,Green,"#c46eab, #70eb80, #a592ae, #93b7a9, #7fdf95, #2d3132, #f5e6c5, #343839",gradient,Black,#343839,,#383733,,,,"24x24 pixel art portrait, background: Green (#c46eab, #70eb80, #a592ae, #93b7a9, #7fdf95, #2d3132, #f5e6c5, #343839), hair: Black #343839"
lady_051_rosieabstract,Female,,"#35dd88, #3ffe9e, #84fccf",gradient,Black,#523628,,#000000,,,,"24x24 pixel art portrait, hair: Black #523628"
lady_052_pinksilkabstract,Female,Green checkered,"#ba6ddf, #ffcd6c, #f38ae6, #f89eba, #f8be7e, #2b2b2b",gradient,Black,#523628,,#000000,,,,"24x24 pixel art portrait, background: Green checkered (#ba6ddf, #ffcd6c, #f38ae6, #f89eba, #f8be7e, #2b2b2b), hair: Black #523628"
lady_053_pepperabstract,Female,Rainbow gradient,"#4eea6d, #000000, #222222",gradient,Brown,#000000,,#000000,,,bows,"24x24 pixel art portrait, background: Rainbow gradient (#4eea6d, #000000, #222222), hair: Brown #000000, accessories: bows"
lady_054_hazelnutabstract-3,Female,black,"#3ffe9e, #35dd88, #000000",gradient,white split,#3ffe9e,,#000000,,,,"24x24 pixel art portrait, background: black (#3ffe9e, #35dd88, #000000), hair: white split #3ffe9e"
lady_055_bloodabstract,Female,Green striped,"#3ffe9e, #35dd88, #5c6882, #000000",gradient,Dark,#fff5ae,,#000000,crown,,,"24x24 pixel art portrait, background: Green striped (#3ffe9e, #35dd88, #5c6882, #000000), hair: Dark #fff5ae, wearing crown"
lady_056_alloyabstract,Female,Rainbow gradient,"#e27296, #4941ca, #e079b1, #9755d3, #6545cc, #96234e",gradient,Light brown,#9755d3,,#000000,,,bows,"24x24 pixel art portrait, background: Rainbow gradient (#e27296, #4941ca, #e079b1, #9755d3, #6545cc, #96234e), hair: Light brown #9755d3, accessories: bows"
lady_057_bluesilkabstract,Female,color gradient,"#6c50d8, #8bfba9, #56adf2, #74e1cc, #83fba2, #2b2b2b",gradient,Brown,#523628,,#282728,,,glasses,"24x24 pixel art portrait, background: color gradient (#6c50d8, #8bfba9, #56adf2, #74e1cc, #83fba2, #2b2b2b), hair: Brown #523628, accessories: glasses"
lady_058_x,Female,Mint,"#87cec1, #221912, #252528",gradient,Black,#87cec1,,#000000,,,,"24x24 pixel art portrait, background: Mint (#87cec1, #221912, #252528), hair: Black #87cec1"
lady_059_paula-5,Female,Multi,"#03dc73, #4d5a84, #e9cfad",gradient,Multi,#03dc73,Multi,#3b3c51,,,,"24x24 pixel art portrait, background: Multi (#03dc73, #4d5a84, #e9cfad), hair: Multi #03dc73, eyes: Multi #3b3c51"
lady_059_paula-6,Female,Green striped,"#3ffe9e, #03dc73, #4d5a84, #e9cfad",gradient,Brown wavy,#3ffe9e,,#3b3c51,,,glasses,"24x24 pixel art portrait, background: Green striped (#3ffe9e, #03dc73, #4d5a84, #e9cfad), hair: Brown wavy #3ffe9e, accessories: glasses"
lady_060_winehouse,Female,Purple,"#b998da, #121818, #000000",gradient,Black,#273132,,#000000,,,,"24x24 pixel art portrait, background: Purple (#b998da, #121818, #000000), hair: Black #273132"
lady_061_nikkkk-2,Female,Green,"#5fce7f, #7e4c41, #494953",gradient,Brown wavy,#a0ffd0,,#000000,,,,"24x24 pixel art portrait, background: Green (#5fce7f, #7e4c41, #494953), hair: Brown wavy #a0ffd0"
lady_062_Dalia-2,Female,Pink,"#f6acc5, #2c1d20, #9b0220, #000000",gradient,Black,#94522f,,#000000,,,"bear ears, bows","24x24 pixel art portrait, background: Pink (#f6acc5, #2c1d20, #9b0220, #000000), hair: Black #94522f, accessories: bear ears, bows"
lady_062_Dalia-BD,Female,Blue,"#9cb6ff, #92aefd, #2c1d20, #9b0220, #000000",gradient,Black,#dadbdf,,#000000,chef hat,,bows,"24x24 pixel art portrait, background: Blue (#9cb6ff, #92aefd, #2c1d20, #9b0220, #000000), hair: Black #dadbdf, wearing chef hat, accessories: bows"
lady_063_PVR-3,Female,Orange,"#e78441, #9c3644, #a43848",gradient,Black,#292428,,#1e1d19,,,,"24x24 pixel art portrait, background: Orange (#e78441, #9c3644, #a43848), hair: Black #292428"
lady_064_aubree-2,Female,Magenta,"#d2007c, #4f3328, #a01ae6, #502e24",gradient,Brown wavy,#d2007c,,#000000,,,,"24x24 pixel art portrait, background: Magenta (#d2007c, #4f3328, #a01ae6, #502e24), hair: Brown wavy #d2007c"
lady_065_miggs-4,Female,Purple,"#bf8ec9, #af6ebc, #fce5cf, #e4919f, #b7dda2",gradient,Blonde checkerboard,#bf8ec9,,#000000,,,,"24x24 pixel art portrait, background: Purple (#bf8ec9, #af6ebc, #fce5cf, #e4919f, #b7dda2), hair: Blonde checkerboard #bf8ec9"
lady_065_miggs,Female,,"#c498cd, #dd94c6, #c4dfb6, #7884b1, #d0eabd",gradient,Green gradient,#c498cd,,#000000,,,,"24x24 pixel art portrait, hair: Green gradient #c498cd"
lady_066_monalisa-3,Female,Forest green,"#486041, #8b5f27, #7b4a2c, #3d2315, #5c4a2b, #4f2e23",gradient,Dark brown,#61714e,,#000000,,,,"24x24 pixel art portrait, background: Forest green (#486041, #8b5f27, #7b4a2c, #3d2315, #5c4a2b, #4f2e23), hair: Dark brown #61714e"
lady_067_salamander-2,Female,Gray,"#929493, #3f2f2f, #795b43, #41322f",gradient,gray styled,#e0d7ce,,#000000,,,,"24x24 pixel art portrait, background: Gray (#929493, #3f2f2f, #795b43, #41322f), hair: gray styled #e0d7ce"
lady_068_nikkisf-4,Female,Terracotta,"#b0735e, #1b1b1b, #8b7069",gradient,Black,#b0735e,,#000000,,,,"24x24 pixel art portrait, background: Terracotta (#b0735e, #1b1b1b, #8b7069), hair: Black #b0735e"
lady_069_giulia,Female,,"#f6e49a, #644239, #3b657e, #872e2a",gradient,,#f3cf17,,#644239,,,,24x24 pixel art portrait
lady_070_mango,Female,,"#03dc73, #98a6c1, #a4696d",gradient,,#03dc73,,#000000,,,,24x24 pixel art portrait
lady_071_papaya,Female,,"#9e7243, #2c2626",pattern,,#9e7243,,#000000,,,,24x24 pixel art portrait
lady_072_tangerine,Female,,"#172c89, #da4924, #981600, #e47639",gradient,,#c94921,,#000000,,,,24x24 pixel art portrait
lady_073_mango_punk,Female,,"#0dce71, #861010",pattern,,#0dce71,,#000000,,,,24x24 pixel art portrait
lady_074_melon,Female,,"#03dc73, #658f9d, #fdfef0",gradient,,#f7d7c0,,#622628,,,,24x24 pixel art portrait
lady_075_clementine,Female,,"#12c0d8, #79e7ff, #ffffff",gradient,,#12c0d8,,#000000,,,,24x24 pixel art portrait
lady_076_orange_blossom,Female,,"#d5bca5, #b12929",pattern,,#98673c,,#000000,,,,24x24 pixel art portrait
lady_077_pink_grapefruit,Female,,"#d8e5dc, #ff98b9, #943741, #d50100",gradient,,#285666,,#000000,,,,24x24 pixel art portrait
lady_078_orange_zest,Female,,"#884b2e, #624439, #f9faff",gradient,,#884b2e,,#000000,,,,24x24 pixel art portrait
lady_079_lime_breeze,Female,Orange,"#dda212, #fdf059, #e4b327, #edc738, #f6de4b, #7c3902",gradient,Brown,#edc738,Multi,#000000,,,,"24x24 pixel art portrait, background: Orange (#dda212, #fdf059, #e4b327, #edc738, #f6de4b, #7c3902), hair: Brown #edc738, eyes: Multi #000000"
lady_080_zesty_lime,Female,Pink,"#b8c2cb, #0d0e13, #e7e8ec, #242b33",gradient,Pink,#b8c2cb,Pink,#000000,,,,"24x24 pixel art portrait, background: Pink (#b8c2cb, #0d0e13, #e7e8ec, #242b33), hair: Pink #b8c2cb, eyes: Pink #000000"
lady_085_IRA2,Female,Multi,"#c62f42, #eeeef0, #d2c099, #e3dbdc",gradient,Multi,#c62f42,Lavender,#000000,,,,"24x24 pixel art portrait, background: Multi (#c62f42, #eeeef0, #d2c099, #e3dbdc), hair: Multi #c62f42, eyes: Lavender #000000"
lady_086_ELENI9,Female,Pink,"#e1cbb3, #d9a5b2, #3b282e, #3d2827",gradient,Pink,#ca8d92,Pink,#000000,,,,"24x24 pixel art portrait, background: Pink (#e1cbb3, #d9a5b2, #3b282e, #3d2827), hair: Pink #ca8d92, eyes: Pink #000000"
lady_087_feybirthday5,Female,Pink,"#fee6ba, #d2c5b2, #c7aee6",gradient,Pink,#514b3f,Lavender,#000000,,,,"24x24 pixel art portrait, background: Pink (#fee6ba, #d2c5b2, #c7aee6), hair: Pink #514b3f, eyes: Lavender #000000"
lady_088_r,Female,Orange,"#f4ac62, #504335, #082144, #604e3c",gradient,Orange,#f4ac62,Multi,#000000,,,,"24x24 pixel art portrait, background: Orange (#f4ac62, #504335, #082144, #604e3c), hair: Orange #f4ac62, eyes: Multi #000000"
lady_090_missthang,Female,Pink,"#cbc8c3, #9cacd3, #4f2d26",gradient,Pink,#cbc8c3,Lavender,#000000,,,,"24x24 pixel art portrait, background: Pink (#cbc8c3, #9cacd3, #4f2d26), hair: Pink #cbc8c3, eyes: Lavender #000000"
lady_094_violetta,Female,Pink,"#d1bba6, #853d44, #8bbc92, #62677f, #2d2c2a, #b5b9b4, #2a2823",gradient,Black,#0b0c0b,Lavender,#000000,,,,"24x24 pixel art portrait, background: Pink (#d1bba6, #853d44, #8bbc92, #62677f, #2d2c2a, #b5b9b4, #2a2823), hair: Black #0b0c0b, eyes: Lavender #000000"
lady_095_royalty,Female,Grey,"#5c6759, #e9e2cb, #e3948d",gradient,Multi,#683e09,Lavender,#000000,,,,"24x24 pixel art portrait, background: Grey (#5c6759, #e9e2cb, #e3948d), hair: Multi #683e09, eyes: Lavender #000000"
lady_096_yuri,Female,Multi,"#968687, #6c477b, #8a5e6b, #5c3b6a",gradient,Multi,#968687,Pink,#000000,,,,"24x24 pixel art portrait, background: Multi (#968687, #6c477b, #8a5e6b, #5c3b6a), hair: Multi #968687, eyes: Pink #000000"
lady_097_dani,Female,Pink,"#c4acbf, #2d2728, #654940, #332a2a",gradient,Pink,#c4acbf,Multi,#000000,,,,"24x24 pixel art portrait, background: Pink (#c4acbf, #2d2728, #654940, #332a2a), hair: Pink #c4acbf, eyes: Multi #000000"
lady_097_dani2,Female,Pink,"#a0b1a6, #362627, #3e373e",gradient,Pink,#362627,Multi,#000000,,,,"24x24 pixel art portrait, background: Pink (#a0b1a6, #362627, #3e373e), hair: Pink #362627, eyes: Multi #000000"
lady_098_heyeah,Female,Blue,"#5d45fd, #c1c0be",pattern,Blue,#5f4335,Multi,#000000,,,,"24x24 pixel art portrait, background: Blue (#5d45fd, #c1c0be), hair: Blue #5f4335, eyes: Multi #000000"
lady_099_VQ,Female,Multi,"#3b77cd, #232345",pattern,Multi,#f4d350,Multi,#3f3f3f,,,,"24x24 pixel art portrait, background: Multi (#3b77cd, #232345), hair: Multi #f4d350, eyes: Multi #3f3f3f"
