Name,Type,Background_Detailed,Background_Type,Hair_Detailed,Hair_Simple,Eyes_Detailed,Eyes_Simple,Headwear_Detailed,Headwear_Simple,Accessories,Training_Caption
lad_001_carbon,Male,"RGB(192,97,72) #c06148 to RGB(167,104,87) #a76857",pattern,"RGB(67,75,78) #434b4e and RGB(167,104,87) #a76857","RGB(67,75,78) and RGB(167,104,87)","RGB(178,127,96) #b27f60","RGB(178,127,96)",,,,"24x24 pixel art portrait, background: RGB(192,97,72) #c06148 to RGB(167,104,87) #a76857, hair: RGB(67,75,78) #434b4e and RGB(167,104,87) #a76857, eyes: RGB(178,127,96) #b27f60"
lad_002_cash,Male,"RGB(106,231,69) #6ae745",solid,"RGB(106,231,69) #6ae745 and Lavender #c7dfcf","RGB(106,231,69) and Lavender","RGB(159,183,169) #9fb7a9","RGB(159,183,169)",,,,"24x24 pixel art portrait, background: RGB(106,231,69) #6ae745, hair: RGB(106,231,69) #6ae745 and Lavender #c7dfcf, eyes: RGB(159,183,169) #9fb7a9"
lad_003_chai,Male,Beige #e3b68d,solid,,,"RGB(160,110,93) #a06e5d","RGB(160,110,93)",,,,"24x24 pixel art portrait, background: Beige #e3b68d, eyes: RGB(160,110,93) #a06e5d"
lad_004_silicon,Male,"RGB(186,186,186) #bababa",solid,"RGB(186,186,186) #bababa and RGB(44,44,44) #2c2c2c","RGB(186,186,186) and RGB(44,44,44)","RGB(150,149,149) #969595","RGB(150,149,149)",,,,"24x24 pixel art portrait, background: RGB(186,186,186) #bababa, hair: RGB(186,186,186) #bababa and RGB(44,44,44) #2c2c2c, eyes: RGB(150,149,149) #969595"
lad_005_copper,Male,Grey #876f66,solid,"Grey #876f66 and RGB(30,15,9) #1e0f09","Grey and RGB(30,15,9)","RGB(76,43,25) #4c2b19","RGB(76,43,25)",,,,"24x24 pixel art portrait, background: Grey #876f66, hair: Grey #876f66 and RGB(30,15,9) #1e0f09, eyes: RGB(76,43,25) #4c2b19"
lad_006_redshift,Male,Grey #7d6364,solid,"Grey #7d6364 and RGB(15,38,88) #0f2658","Grey and RGB(15,38,88)","RGB(15,38,88) #0f2658","RGB(15,38,88)",,,,"24x24 pixel art portrait, background: Grey #7d6364, hair: Grey #7d6364 and RGB(15,38,88) #0f2658, eyes: RGB(15,38,88) #0f2658"
lad_007_titanium,Male,Grey #57555a,solid,Grey #57555a and Black #0d0405,Grey and Black,"RGB(86,55,63) #56373f","RGB(86,55,63)",,,,"24x24 pixel art portrait, background: Grey #57555a, hair: Grey #57555a and Black #0d0405, eyes: RGB(86,55,63) #56373f"
lad_008_platinum,Male,Blue #156af8 to Beige #fcc084 to Pink #d0f9f3,pattern,Black #140b0c and Burgundy #af3a30,Black and Burgundy,Grey #94908d,Grey,White chef hat #FFFFFF,White chef hat,,"24x24 pixel art portrait, background: Blue #156af8 to Beige #fcc084 to Pink #d0f9f3, hair: Black #140b0c and Burgundy #af3a30, eyes: Grey #94908d, wearing White chef hat #FFFFFF"
lad_009_steel,Male,Blue #6072ff,solid,"Blue #6072ff and RGB(56,51,47) #38332f","Blue and RGB(56,51,47)","RGB(172,172,172) #acacac","RGB(172,172,172)",,,,"24x24 pixel art portrait, background: Blue #6072ff, hair: Blue #6072ff and RGB(56,51,47) #38332f, eyes: RGB(172,172,172) #acacac"
lad_010_aluminum,Male,Teal #3bb8ff,solid,Teal #3bb8ff and Red #d30707,Teal and Red,"RGB(172,172,172) #acacac","RGB(172,172,172)",,,,"24x24 pixel art portrait, background: Teal #3bb8ff, hair: Teal #3bb8ff and Red #d30707, eyes: RGB(172,172,172) #acacac"
lad_011_chocolate,Male,Pink #f2f1d4 to Orange #ff7162,pattern,"RGB(61,59,56) #3d3b38 and Orange #ff7162","RGB(61,59,56) and Orange","RGB(112,48,6) #703006","RGB(112,48,6)",White chef hat #FFFFFF,White chef hat,,"24x24 pixel art portrait, background: Pink #f2f1d4 to Orange #ff7162, hair: RGB(61,59,56) #3d3b38 and Orange #ff7162, eyes: RGB(112,48,6) #703006, wearing White chef hat #FFFFFF"
lad_012_chromium,Male,White #ebe6ea,solid,"Grey #656064 and RGB(84,79,85) #544f55","Grey and RGB(84,79,85)","RGB(30,53,88) #1e3558","RGB(30,53,88)",White chef hat #FFFFFF,White chef hat,,"24x24 pixel art portrait, background: White #ebe6ea, hair: Grey #656064 and RGB(84,79,85) #544f55, eyes: RGB(30,53,88) #1e3558, wearing White chef hat #FFFFFF"
lad_013_caramel,Male,"RGB(28,70,126) #1c467e to White #f3f3f3 to Red #ce4b26",pattern,"Black #030500 and RGB(28,70,126) #1c467e","Black and RGB(28,70,126)","RGB(165,144,91) #a5905b","RGB(165,144,91)",White chef hat #FFFFFF,White chef hat,,"24x24 pixel art portrait, background: RGB(28,70,126) #1c467e to White #f3f3f3 to Red #ce4b26, hair: Black #030500 and RGB(28,70,126) #1c467e, eyes: RGB(165,144,91) #a5905b, wearing White chef hat #FFFFFF"
lad_014_sugar,Male,Blue #0153fd,solid,"Blue #0153fd and RGB(77,58,54) #4d3a36","Blue and RGB(77,58,54)","RGB(75,102,134) #4b6686","RGB(75,102,134)",,,,"24x24 pixel art portrait, background: Blue #0153fd, hair: Blue #0153fd and RGB(77,58,54) #4d3a36, eyes: RGB(75,102,134) #4b6686"
lad_015_jackson,Male,"RGB(106,231,69) #6ae745",solid,"RGB(106,231,69) #6ae745 and RGB(167,167,155) #a7a79b","RGB(106,231,69) and RGB(167,167,155)",Grey #8f8f85,Grey,,,,"24x24 pixel art portrait, background: RGB(106,231,69) #6ae745, hair: RGB(106,231,69) #6ae745 and RGB(167,167,155) #a7a79b, eyes: Grey #8f8f85"
lad_016_tungsten,Male,"RGB(106,231,69) #6ae745",solid,"RGB(106,231,69) #6ae745 and RGB(197,200,183) #c5c8b7","RGB(106,231,69) and RGB(197,200,183)",Grey #6b6d62,Grey,,,,"24x24 pixel art portrait, background: RGB(106,231,69) #6ae745, hair: RGB(106,231,69) #6ae745 and RGB(197,200,183) #c5c8b7, eyes: Grey #6b6d62"
lad_017_ink,Male,"RGB(106,231,69) #6ae745",solid,"RGB(106,231,69) #6ae745 and Grey #7b8376","RGB(106,231,69) and Grey",Grey #60685b,Grey,,,,"24x24 pixel art portrait, background: RGB(106,231,69) #6ae745, hair: RGB(106,231,69) #6ae745 and Grey #7b8376, eyes: Grey #60685b"
lad_018_mandarin,Male,"RGB(194,225,158) #c2e19e",solid,"RGB(194,225,158) #c2e19e and Grey #565960","RGB(194,225,158) and Grey","RGB(166,130,117) #a68275","RGB(166,130,117)",,,,"24x24 pixel art portrait, background: RGB(194,225,158) #c2e19e, hair: RGB(194,225,158) #c2e19e and Grey #565960, eyes: RGB(166,130,117) #a68275"
lad_019_diamond,Male,"RGB(5,219,115) #05db73 to RGB(24,215,136) #18d788",pattern,"RGB(5,219,115) #05db73 and RGB(93,60,27) #5d3c1b","RGB(5,219,115) and RGB(93,60,27)","RGB(91,53,17) #5b3511","RGB(91,53,17)",,,,"24x24 pixel art portrait, background: RGB(5,219,115) #05db73 to RGB(24,215,136) #18d788, hair: RGB(5,219,115) #05db73 and RGB(93,60,27) #5d3c1b, eyes: RGB(91,53,17) #5b3511"
lad_020_gpu,Male,"RGB(147,172,146) #93ac92",solid,"RGB(147,172,146) #93ac92 and Beige #c49b69","RGB(147,172,146) and Beige","RGB(120,82,64) #785240","RGB(120,82,64)",,,,"24x24 pixel art portrait, background: RGB(147,172,146) #93ac92, hair: RGB(147,172,146) #93ac92 and Beige #c49b69, eyes: RGB(120,82,64) #785240"
lad_021_x,Male,Teal #94eb9d to Green #14c833,gradient,"RGB(31,48,64) #1f3040 and RGB(49,61,74) #313d4a","RGB(31,48,64) and RGB(49,61,74)","RGB(100,72,62) #64483e","RGB(100,72,62)",,,,"24x24 pixel art portrait, background: Teal #94eb9d to Green #14c833, hair: RGB(31,48,64) #1f3040 and RGB(49,61,74) #313d4a, eyes: RGB(100,72,62) #64483e"
lad_022_x,Male,Teal #94eb9d to Green #14c833,gradient,"RGB(217,142,102) #d98e66 and RGB(84,233,113) #54e971","RGB(217,142,102) and RGB(84,233,113)","RGB(104,67,56) #684338","RGB(104,67,56)",,,,"24x24 pixel art portrait, background: Teal #94eb9d to Green #14c833, hair: RGB(217,142,102) #d98e66 and RGB(84,233,113) #54e971, eyes: RGB(104,67,56) #684338"
lad_023_x-2,Male,Teal #3ffe9e to Teal #6ed7db,gradient,Green #47d35f and Teal #7aefbb,Green and Teal,"RGB(166,162,162) #a6a2a2","RGB(166,162,162)",,,,"24x24 pixel art portrait, background: Teal #3ffe9e to Teal #6ed7db, hair: Green #47d35f and Teal #7aefbb, eyes: RGB(166,162,162) #a6a2a2"
lad_023_x-3,Male,Teal #3ffe9e to Teal #6ed7db,gradient,Teal #7aefbb and Green #47d35f,Teal and Green,"RGB(166,162,162) #a6a2a2","RGB(166,162,162)",,,,"24x24 pixel art portrait, background: Teal #3ffe9e to Teal #6ed7db, hair: Teal #7aefbb and Green #47d35f, eyes: RGB(166,162,162) #a6a2a2"
lad_023_x-4,Male,Teal #3ffe9e to Teal #6ed7db,gradient,Green #47d35f and Teal #7aefbb,Green and Teal,"RGB(166,162,162) #a6a2a2","RGB(166,162,162)",,,,"24x24 pixel art portrait, background: Teal #3ffe9e to Teal #6ed7db, hair: Green #47d35f and Teal #7aefbb, eyes: RGB(166,162,162) #a6a2a2"
lad_023_x,Male,Teal #3ffe9e to Teal #6ed7db,gradient,Teal #6ed9c7 and Teal #7aefbb,Teal and Teal,"RGB(166,162,162) #a6a2a2","RGB(166,162,162)",,,,"24x24 pixel art portrait, background: Teal #3ffe9e to Teal #6ed7db, hair: Teal #6ed9c7 and Teal #7aefbb, eyes: RGB(166,162,162) #a6a2a2"
lad_024_x,Male,"RGB(34,7,150) #220796",solid,"RGB(34,7,150) #220796 and RGB(28,26,73) #1c1a49","RGB(34,7,150) and RGB(28,26,73)","RGB(58,25,54) #3a1936","RGB(58,25,54)",,,,"24x24 pixel art portrait, background: RGB(34,7,150) #220796, hair: RGB(34,7,150) #220796 and RGB(28,26,73) #1c1a49, eyes: RGB(58,25,54) #3a1936"
lad_025_x,Male,Lavender #c2bbcd,solid,"Lavender #c2bbcd and RGB(49,49,49) #313131","Lavender and RGB(49,49,49)",Burgundy #6b3e21,Burgundy,,,,"24x24 pixel art portrait, background: Lavender #c2bbcd, hair: Lavender #c2bbcd and RGB(49,49,49) #313131, eyes: Burgundy #6b3e21"
lad_026_chromiumabstractsalmon,Male,Teal #3ffe9e,solid,Teal #3ffe9e and Grey #656064,Teal and Grey,"RGB(30,53,88) #1e3558","RGB(30,53,88)",,,,"24x24 pixel art portrait, background: Teal #3ffe9e, hair: Teal #3ffe9e and Grey #656064, eyes: RGB(30,53,88) #1e3558"
lad_027_chromiumabstractyellow,Male,Teal #3ffe9e,solid,Teal #3ffe9e and Grey #656064,Teal and Grey,"RGB(30,53,88) #1e3558","RGB(30,53,88)",,,,"24x24 pixel art portrait, background: Teal #3ffe9e, hair: Teal #3ffe9e and Grey #656064, eyes: RGB(30,53,88) #1e3558"
lad_028_chromiumabstractgreen,Male,Teal #3ffe9e,solid,Teal #3ffe9e and Grey #656064,Teal and Grey,"RGB(30,53,88) #1e3558","RGB(30,53,88)",,,,"24x24 pixel art portrait, background: Teal #3ffe9e, hair: Teal #3ffe9e and Grey #656064, eyes: RGB(30,53,88) #1e3558"
lad_029_famous-9,Male,Blue #1831cf,solid,Blue #1831cf and Black #130c06,Blue and Black,Beige #9bd77f,Beige,,,,"24x24 pixel art portrait, background: Blue #1831cf, hair: Blue #1831cf and Black #130c06, eyes: Beige #9bd77f"
lad_029_famous4,Male,Beige #dfb065 to Beige #ead582,gradient,Black #130c06,Black,"RGB(108,88,63) #6c583f","RGB(108,88,63)",,,,"24x24 pixel art portrait, background: Beige #dfb065 to Beige #ead582, hair: Black #130c06, eyes: RGB(108,88,63) #6c583f"
lad_030_ink,Male,Grey #5e5c5f,solid,"Grey #5e5c5f and RGB(142,84,60) #8e543c","Grey and RGB(142,84,60)","RGB(142,84,60) #8e543c","RGB(142,84,60)",,,,"24x24 pixel art portrait, background: Grey #5e5c5f, hair: Grey #5e5c5f and RGB(142,84,60) #8e543c, eyes: RGB(142,84,60) #8e543c"
lad_031_fin,Male,"RGB(5,30,9) #051e09 to Green #35e151",gradient,"RGB(27,26,32) #1b1a20 and RGB(55,51,50) #373332","RGB(27,26,32) and RGB(55,51,50)","RGB(177,160,164) #b1a0a4","RGB(177,160,164)",,,,"24x24 pixel art portrait, background: RGB(5,30,9) #051e09 to Green #35e151, hair: RGB(27,26,32) #1b1a20 and RGB(55,51,50) #373332, eyes: RGB(177,160,164) #b1a0a4"
lad_032_shaman-4,Male,"RGB(152,152,152) #989898",solid,"RGB(152,152,152) #989898 and RGB(48,50,49) #303231","RGB(152,152,152) and RGB(48,50,49)","RGB(179,129,164) #b381a4","RGB(179,129,164)",,,,"24x24 pixel art portrait, background: RGB(152,152,152) #989898, hair: RGB(152,152,152) #989898 and RGB(48,50,49) #303231, eyes: RGB(179,129,164) #b381a4"
lad_033_molecule-2,Male,"RGB(184,177,169) #b8b1a9",solid,"RGB(184,177,169) #b8b1a9 and RGB(95,59,43) #5f3b2b","RGB(184,177,169) and RGB(95,59,43)","RGB(122,83,66) #7a5342","RGB(122,83,66)",,,,"24x24 pixel art portrait, background: RGB(184,177,169) #b8b1a9, hair: RGB(184,177,169) #b8b1a9 and RGB(95,59,43) #5f3b2b, eyes: RGB(122,83,66) #7a5342"
lad_035_JUAN,Male,"RGB(95,206,127) #5fce7f",solid,"RGB(95,206,127) #5fce7f and RGB(57,40,33) #392821","RGB(95,206,127) and RGB(57,40,33)","RGB(80,62,57) #503e39","RGB(80,62,57)",,,,"24x24 pixel art portrait, background: RGB(95,206,127) #5fce7f, hair: RGB(95,206,127) #5fce7f and RGB(57,40,33) #392821, eyes: RGB(80,62,57) #503e39"
lad_036_x,Male,"RGB(69,228,112) #45e470 to Teal #65e8b6",gradient,Teal #6be99f,Teal,"RGB(77,51,33) #4d3321","RGB(77,51,33)",,,,"24x24 pixel art portrait, background: RGB(69,228,112) #45e470 to Teal #65e8b6, hair: Teal #6be99f, eyes: RGB(77,51,33) #4d3321"
lad_037_aressprout,Male,"RGB(169,190,175) #a9beaf",solid,"RGB(169,190,175) #a9beaf and RGB(84,76,63) #544c3f","RGB(169,190,175) and RGB(84,76,63)","RGB(116,162,147) #74a293","RGB(116,162,147)",,,,"24x24 pixel art portrait, background: RGB(169,190,175) #a9beaf, hair: RGB(169,190,175) #a9beaf and RGB(84,76,63) #544c3f, eyes: RGB(116,162,147) #74a293"
lad_038_cashking-6,Male,Teal #8498a9,solid,Teal #8498a9 and Black #1a140b,Teal and Black,,,,,,"24x24 pixel art portrait, background: Teal #8498a9, hair: Teal #8498a9 and Black #1a140b"
lad_039_davinci-2,Male,"RGB(109,101,74) #6d654a",solid,"RGB(37,40,39) #252827 and Black #171915","RGB(37,40,39) and Black","RGB(66,92,94) #425c5e","RGB(66,92,94)",,,,"24x24 pixel art portrait, background: RGB(109,101,74) #6d654a, hair: RGB(37,40,39) #252827 and Black #171915, eyes: RGB(66,92,94) #425c5e"
lad_040_melzarmagic,Male,"RGB(151,119,90) #97775a",solid,"RGB(151,119,90) #97775a and RGB(50,36,24) #322418","RGB(151,119,90) and RGB(50,36,24)","RGB(110,71,57) #6e4739","RGB(110,71,57)",,,,"24x24 pixel art portrait, background: RGB(151,119,90) #97775a, hair: RGB(151,119,90) #97775a and RGB(50,36,24) #322418, eyes: RGB(110,71,57) #6e4739"
lad_041_Maradona,Male,"RGB(44,89,94) #2c595e to Green #0dbc5f",pattern,"RGB(44,89,94) #2c595e and Blue #0071f1","RGB(44,89,94) and Blue","RGB(90,56,17) #5a3811","RGB(90,56,17)",,,,"24x24 pixel art portrait, background: RGB(44,89,94) #2c595e to Green #0dbc5f, hair: RGB(44,89,94) #2c595e and Blue #0071f1, eyes: RGB(90,56,17) #5a3811"
lad_043_jeremey,Male,"RGB(179,179,181) #b3b3b5 to Teal #92a3bd",pattern,"Teal #92a3bd and RGB(173,190,206) #adbece","Teal and RGB(173,190,206)",Grey #525355,Grey,,,,"24x24 pixel art portrait, background: RGB(179,179,181) #b3b3b5 to Teal #92a3bd, hair: Teal #92a3bd and RGB(173,190,206) #adbece, eyes: Grey #525355"
lad_045_homewithkids3,Male,"RGB(149,76,78) #954c4e",solid,"RGB(149,76,78) #954c4e","RGB(149,76,78)","RGB(149,76,78) #954c4e","RGB(149,76,78)",,,,"24x24 pixel art portrait, background: RGB(149,76,78) #954c4e, hair: RGB(149,76,78) #954c4e, eyes: RGB(149,76,78) #954c4e"
lad_046_NATE,Male,"RGB(172,66,66) #ac4242",solid,"RGB(172,66,66) #ac4242 and RGB(10,32,46) #0a202e","RGB(172,66,66) and RGB(10,32,46)","RGB(172,66,66) #ac4242","RGB(172,66,66)",,,,"24x24 pixel art portrait, background: RGB(172,66,66) #ac4242, hair: RGB(172,66,66) #ac4242 and RGB(10,32,46) #0a202e, eyes: RGB(172,66,66) #ac4242"
lad_050_nate-2,Male,Grey #949087,solid,Grey #949087 and Beige #d4be66,Grey and Beige,"RGB(83,64,49) #534031","RGB(83,64,49)",,,,"24x24 pixel art portrait, background: Grey #949087, hair: Grey #949087 and Beige #d4be66, eyes: RGB(83,64,49) #534031"
lad_050_nate,Male,Grey #949087,solid,"Grey #949087 and RGB(59,41,29) #3b291d","Grey and RGB(59,41,29)","RGB(83,64,49) #534031","RGB(83,64,49)",,,,"24x24 pixel art portrait, background: Grey #949087, hair: Grey #949087 and RGB(59,41,29) #3b291d, eyes: RGB(83,64,49) #534031"
lad_051_DEVON-2,Male,"RGB(178,120,134) #b27886",solid,"RGB(178,120,134) #b27886 and RGB(35,14,9) #230e09","RGB(178,120,134) and RGB(35,14,9)",Grey #867755,Grey,,,,"24x24 pixel art portrait, background: RGB(178,120,134) #b27886, hair: RGB(178,120,134) #b27886 and RGB(35,14,9) #230e09, eyes: Grey #867755"
lad_051_DEVON-4,Male,"RGB(64,0,137) #400089",solid,"RGB(64,0,137) #400089 and RGB(133,49,177) #8531b1","RGB(64,0,137) and RGB(133,49,177)",Grey #867755,Grey,,,,"24x24 pixel art portrait, background: RGB(64,0,137) #400089, hair: RGB(64,0,137) #400089 and RGB(133,49,177) #8531b1, eyes: Grey #867755"
lad_054_sterling,Male,"RGB(162,162,162) #a2a2a2",solid,"RGB(162,162,162) #a2a2a2 and Grey #6f6358","RGB(162,162,162) and Grey",Teal #88b2c5,Teal,"RGB(162,162,162) #a2a2a2 and Grey #83735e crown",crown,,"24x24 pixel art portrait, background: RGB(162,162,162) #a2a2a2, hair: RGB(162,162,162) #a2a2a2 and Grey #6f6358, eyes: Teal #88b2c5, wearing RGB(162,162,162) #a2a2a2 and Grey #83735e crown"
lad_054_sterlingglasses,Male,"RGB(162,162,162) #a2a2a2",solid,"RGB(162,162,162) #a2a2a2 and Grey #6f6358","RGB(162,162,162) and Grey","RGB(72,65,57) #484139","RGB(72,65,57)","RGB(162,162,162) #a2a2a2 and Grey #83735e crown",crown,black glasses,"24x24 pixel art portrait, background: RGB(162,162,162) #a2a2a2, hair: RGB(162,162,162) #a2a2a2 and Grey #6f6358, eyes: RGB(72,65,57) #484139, wearing RGB(162,162,162) #a2a2a2 and Grey #83735e crown, accessories: black glasses"
lad_054_sterlingglasses3withcrown5,Male,"RGB(230,54,143) #e6368f",solid,Orange #d0ab5e and Beige #d6bc70,Orange and Beige,"RGB(104,0,0) #680000","RGB(104,0,0)","RGB(237,56,147) #ed3893 and Purple #e73599 crown",crown,glasses,"24x24 pixel art portrait, background: RGB(230,54,143) #e6368f, hair: Orange #d0ab5e and Beige #d6bc70, eyes: RGB(104,0,0) #680000, wearing RGB(237,56,147) #ed3893 and Purple #e73599 crown, accessories: glasses"
lad_055_Luke,Male,Teal #289ef4,solid,Teal #3ed2c3 and Teal #49e0b8,Teal and Teal,"RGB(87,118,77) #57764d","RGB(87,118,77)",,,,"24x24 pixel art portrait, background: Teal #289ef4, hair: Teal #3ed2c3 and Teal #49e0b8, eyes: RGB(87,118,77) #57764d"
lad_055_Luke10,Male,"RGB(32,203,119) #20cb77 to RGB(141,97,215) #8d61d7",gradient,Beige #ccb962 and Teal #7d88bf,Beige and Teal,"RGB(87,118,77) #57764d","RGB(87,118,77)",,,,"24x24 pixel art portrait, background: RGB(32,203,119) #20cb77 to RGB(141,97,215) #8d61d7, hair: Beige #ccb962 and Teal #7d88bf, eyes: RGB(87,118,77) #57764d"
lad_055_Luke3,Male,"RGB(155,108,222) #9b6cde to RGB(127,77,202) #7f4dca",pattern,"RGB(155,108,222) #9b6cde and RGB(45,45,45) #2d2d2d","RGB(155,108,222) and RGB(45,45,45)","RGB(52,52,52) #343434","RGB(52,52,52)",,,,"24x24 pixel art portrait, background: RGB(155,108,222) #9b6cde to RGB(127,77,202) #7f4dca, hair: RGB(155,108,222) #9b6cde and RGB(45,45,45) #2d2d2d, eyes: RGB(52,52,52) #343434"
lad_055_Luke6,Male,"Blue #066cc9 to RGB(91,232,134) #5be886",gradient,"RGB(137,89,211) #8959d3 and RGB(144,100,221) #9064dd","RGB(137,89,211) and RGB(144,100,221)","RGB(200,100,164) #c864a4","RGB(200,100,164)",,,,"24x24 pixel art portrait, background: Blue #066cc9 to RGB(91,232,134) #5be886, hair: RGB(137,89,211) #8959d3 and RGB(144,100,221) #9064dd, eyes: RGB(200,100,164) #c864a4"
lad_055_Luke8,Male,"RGB(32,203,119) #20cb77 to RGB(141,97,215) #8d61d7",gradient,Red #ec5b2c and Black #000609,Red and Black,"RGB(87,118,77) #57764d","RGB(87,118,77)",,,,"24x24 pixel art portrait, background: RGB(32,203,119) #20cb77 to RGB(141,97,215) #8d61d7, hair: Red #ec5b2c and Black #000609, eyes: RGB(87,118,77) #57764d"
lad_057_Hugh,Male,"RGB(58,60,59) #3a3c3b",solid,"RGB(58,60,59) #3a3c3b and RGB(102,80,56) #665038","RGB(58,60,59) and RGB(102,80,56)","RGB(72,71,43) #48472b","RGB(72,71,43)",,,,"24x24 pixel art portrait, background: RGB(58,60,59) #3a3c3b, hair: RGB(58,60,59) #3a3c3b and RGB(102,80,56) #665038, eyes: RGB(72,71,43) #48472b"
lad_057_Hugh5,Male,"Red #ce2b37 to RGB(0,146,70) #009246",gradient,"RGB(0,146,70) #009246 and Red #ce2b37","RGB(0,146,70) and Red","RGB(122,98,74) #7a624a","RGB(122,98,74)",,,,"24x24 pixel art portrait, background: Red #ce2b37 to RGB(0,146,70) #009246, hair: RGB(0,146,70) #009246 and Red #ce2b37, eyes: RGB(122,98,74) #7a624a"
lad_058_SAVVA,Male,Teal #809fb7,solid,Teal #809fb7 and Beige #c89884,Teal and Beige,Teal #809fb7,Teal,,,,"24x24 pixel art portrait, background: Teal #809fb7, hair: Teal #809fb7 and Beige #c89884, eyes: Teal #809fb7"
lad_059_SamAScientist,Male,Teal #72c2cb,solid,Teal #72c2cb and Grey #656064,Teal and Grey,"RGB(32,57,102) #203966","RGB(32,57,102)",,,,"24x24 pixel art portrait, background: Teal #72c2cb, hair: Teal #72c2cb and Grey #656064, eyes: RGB(32,57,102) #203966"
lad_060_bhaitradingbot2,Male,Grey #595860,solid,Grey #595860 and Black #151313,Grey and Black,"RGB(165,122,103) #a57a67","RGB(165,122,103)",,,,"24x24 pixel art portrait, background: Grey #595860, hair: Grey #595860 and Black #151313, eyes: RGB(165,122,103) #a57a67"
lad_061_DOPE7,Male,"RGB(72,115,85) #487355",solid,"RGB(72,115,85) #487355 and RGB(57,40,43) #39282b","RGB(72,115,85) and RGB(57,40,43)","RGB(72,115,85) #487355","RGB(72,115,85)",,,,"24x24 pixel art portrait, background: RGB(72,115,85) #487355, hair: RGB(72,115,85) #487355 and RGB(57,40,43) #39282b, eyes: RGB(72,115,85) #487355"
lad_062_devox2,Male,"RGB(125,71,71) #7d4747",solid,"RGB(125,71,71) #7d4747 and Black #151110","RGB(125,71,71) and Black","RGB(98,82,69) #625245","RGB(98,82,69)",,,,"24x24 pixel art portrait, background: RGB(125,71,71) #7d4747, hair: RGB(125,71,71) #7d4747 and Black #151110, eyes: RGB(98,82,69) #625245"
lad_063_kenichi,Male,Red #d53f31,solid,"RGB(54,30,20) #361e14 and Black #000000","RGB(54,30,20) and Black",Brown #c36f4d,Brown,,,,"24x24 pixel art portrait, background: Red #d53f31, hair: RGB(54,30,20) #361e14 and Black #000000, eyes: Brown #c36f4d"
lad_064_Scott,Male,Teal #90a3a9,solid,"Teal #90a3a9 and RGB(78,63,44) #4e3f2c","Teal and RGB(78,63,44)","RGB(83,52,38) #533426","RGB(83,52,38)",,,,"24x24 pixel art portrait, background: Teal #90a3a9, hair: Teal #90a3a9 and RGB(78,63,44) #4e3f2c, eyes: RGB(83,52,38) #533426"
lad_064_sensei,Male,White #e6e5e5,solid,Grey #5a5555,Grey,Grey #6b6363,Grey,White chef hat #FFFFFF,White chef hat,,"24x24 pixel art portrait, background: White #e6e5e5, hair: Grey #5a5555, eyes: Grey #6b6363, wearing White chef hat #FFFFFF"
lad_066_napoli2,Male,"RGB(165,31,22) #a51f16",solid,"RGB(165,31,22) #a51f16 and RGB(27,23,30) #1b171e","RGB(165,31,22) and RGB(27,23,30)","RGB(84,56,42) #54382a","RGB(84,56,42)",,,,"24x24 pixel art portrait, background: RGB(165,31,22) #a51f16, hair: RGB(165,31,22) #a51f16 and RGB(27,23,30) #1b171e, eyes: RGB(84,56,42) #54382a"
lad_068_mayor,Male,Teal #5678a9,solid,Teal #5678a9 and Black #000000,Teal and Black,Grey #88527c,Grey,,,,"24x24 pixel art portrait, background: Teal #5678a9, hair: Teal #5678a9 and Black #000000, eyes: Grey #88527c"
lad_070_IRAsBF2,Male,"RGB(176,196,195) #b0c4c3",solid,"RGB(176,196,195) #b0c4c3 and RGB(34,43,50) #222b32","RGB(176,196,195) and RGB(34,43,50)","RGB(176,196,195) #b0c4c3","RGB(176,196,195)",,,,"24x24 pixel art portrait, background: RGB(176,196,195) #b0c4c3, hair: RGB(176,196,195) #b0c4c3 and RGB(34,43,50) #222b32, eyes: RGB(176,196,195) #b0c4c3"
lad_075_mmhm,Male,Pink #e19dfa,solid,,,"RGB(58,96,85) #3a6055","RGB(58,96,85)",,,,"24x24 pixel art portrait, background: Pink #e19dfa, eyes: RGB(58,96,85) #3a6055"
lad_078_btoshi,Male,"RGB(165,165,167) #a5a5a7",solid,"Black #171516 and RGB(165,165,167) #a5a5a7","Black and RGB(165,165,167)","RGB(143,96,70) #8f6046","RGB(143,96,70)",,,,"24x24 pixel art portrait, background: RGB(165,165,167) #a5a5a7, hair: Black #171516 and RGB(165,165,167) #a5a5a7, eyes: RGB(143,96,70) #8f6046"
lad_079_ravish,Male,"RGB(194,188,166) #c2bca6 to Burgundy #b13830",pattern,"RGB(194,188,166) #c2bca6 and Burgundy #b13830","RGB(194,188,166) and Burgundy","RGB(164,123,103) #a47b67","RGB(164,123,103)",,,,"24x24 pixel art portrait, background: RGB(194,188,166) #c2bca6 to Burgundy #b13830, hair: RGB(194,188,166) #c2bca6 and Burgundy #b13830, eyes: RGB(164,123,103) #a47b67"
lad_080_fcpo,Male,Orange #dd9543,solid,"Orange #dd9543 and RGB(92,79,73) #5c4f49","Orange and RGB(92,79,73)","RGB(54,40,37) #362825","RGB(54,40,37)",,,,"24x24 pixel art portrait, background: Orange #dd9543, hair: Orange #dd9543 and RGB(92,79,73) #5c4f49, eyes: RGB(54,40,37) #362825"
lad_081_iggy2,Male,Pink #dacdbc,solid,"Grey #696a6e and RGB(44,40,55) #2c2837","Grey and RGB(44,40,55)","RGB(54,63,78) #363f4e","RGB(54,63,78)",,,,"24x24 pixel art portrait, background: Pink #dacdbc, hair: Grey #696a6e and RGB(44,40,55) #2c2837, eyes: RGB(54,63,78) #363f4e"
lad_086_Scooby,Male,"RGB(159,173,184) #9fadb8",solid,"RGB(159,173,184) #9fadb8 and Grey #745f56","RGB(159,173,184) and Grey",Teal #7aa4c5,Teal,,,,"24x24 pixel art portrait, background: RGB(159,173,184) #9fadb8, hair: RGB(159,173,184) #9fadb8 and Grey #745f56, eyes: Teal #7aa4c5"
lad_087_HEEM,Male,Pink #e4dcc7,solid,"RGB(82,77,73) #524d49 and RGB(119,77,55) #774d37","RGB(82,77,73) and RGB(119,77,55)","RGB(119,77,55) #774d37","RGB(119,77,55)",,,,"24x24 pixel art portrait, background: Pink #e4dcc7, hair: RGB(82,77,73) #524d49 and RGB(119,77,55) #774d37, eyes: RGB(119,77,55) #774d37"
lad_088_Kareem,Male,"RGB(62,62,62) #3e3e3e",solid,"RGB(40,40,40) #282828 and RGB(62,62,62) #3e3e3e","RGB(40,40,40) and RGB(62,62,62)",Grey #686868,Grey,,,,"24x24 pixel art portrait, background: RGB(62,62,62) #3e3e3e, hair: RGB(40,40,40) #282828 and RGB(62,62,62) #3e3e3e, eyes: Grey #686868"
lad_089_aguda,Male,"RGB(31,31,31) #1f1f1f",solid,"RGB(31,31,31) #1f1f1f and Black #0e0e0e","RGB(31,31,31) and Black","RGB(53,53,53) #353535","RGB(53,53,53)",,,,"24x24 pixel art portrait, background: RGB(31,31,31) #1f1f1f, hair: RGB(31,31,31) #1f1f1f and Black #0e0e0e, eyes: RGB(53,53,53) #353535"
lad_090_drscott,Male,Orange #d97c4c,solid,Orange #d97c4c and Beige #db996a,Orange and Beige,"RGB(108,112,65) #6c7041","RGB(108,112,65)",,,,"24x24 pixel art portrait, background: Orange #d97c4c, hair: Orange #d97c4c and Beige #db996a, eyes: RGB(108,112,65) #6c7041"
lad_091_amit,Male,White #eff4fa,solid,Teal #3a7499 and Teal #84b0cb,Teal and Teal,Grey #946e83,Grey,White chef hat #FFFFFF,White chef hat,,"24x24 pixel art portrait, background: White #eff4fa, hair: Teal #3a7499 and Teal #84b0cb, eyes: Grey #946e83, wearing White chef hat #FFFFFF"
lad_092_derrick,Male,Lavender #beceda,solid,Lavender #beceda and Beige #d6ac80,Lavender and Beige,"RGB(47,92,97) #2f5c61","RGB(47,92,97)",,,,"24x24 pixel art portrait, background: Lavender #beceda, hair: Lavender #beceda and Beige #d6ac80, eyes: RGB(47,92,97) #2f5c61"
lad_093_photogee,Male,"RGB(55,55,55) #373737",solid,"RGB(55,55,55) #373737 and RGB(34,34,34) #222222","RGB(55,55,55) and RGB(34,34,34)","RGB(72,72,72) #484848","RGB(72,72,72)",,,,"24x24 pixel art portrait, background: RGB(55,55,55) #373737, hair: RGB(55,55,55) #373737 and RGB(34,34,34) #222222, eyes: RGB(72,72,72) #484848"
lad_094_storm,Male,Teal #5bc8dd,solid,"Teal #5bc8dd and RGB(53,27,28) #351b1c","Teal and RGB(53,27,28)",Burgundy #ab582e,Burgundy,,,,"24x24 pixel art portrait, background: Teal #5bc8dd, hair: Teal #5bc8dd and RGB(53,27,28) #351b1c, eyes: Burgundy #ab582e"
lad_095_godfather,Male,"RGB(82,80,92) #52505c",solid,"RGB(82,80,92) #52505c and RGB(41,23,20) #291714","RGB(82,80,92) and RGB(41,23,20)","RGB(108,73,67) #6c4943","RGB(108,73,67)",,,,"24x24 pixel art portrait, background: RGB(82,80,92) #52505c, hair: RGB(82,80,92) #52505c and RGB(41,23,20) #291714, eyes: RGB(108,73,67) #6c4943"
lad_096_apollo,Male,Teal #86bddb,solid,Teal #86bddb and Black #0b0b09,Teal and Black,"RGB(167,100,73) #a76449","RGB(167,100,73)",,,,"24x24 pixel art portrait, background: Teal #86bddb, hair: Teal #86bddb and Black #0b0b09, eyes: RGB(167,100,73) #a76449"
lad_097_drralph,Male,White #ffffff,solid,"RGB(71,43,42) #472b2a and RGB(51,26,29) #331a1d","RGB(71,43,42) and RGB(51,26,29)",Grey #657075,Grey,White chef hat #FFFFFF,White chef hat,,"24x24 pixel art portrait, background: White #ffffff, hair: RGB(71,43,42) #472b2a and RGB(51,26,29) #331a1d, eyes: Grey #657075, wearing White chef hat #FFFFFF"
lad_098_Murtaza,Male,Grey #70948a,solid,"Grey #70948a and RGB(176,129,121) #b08179","Grey and RGB(176,129,121)","RGB(176,129,121) #b08179","RGB(176,129,121)",,,,"24x24 pixel art portrait, background: Grey #70948a, hair: Grey #70948a and RGB(176,129,121) #b08179, eyes: RGB(176,129,121) #b08179"
lad_099_amenshiller,Male,"RGB(179,176,176) #b3b0b0",solid,"RGB(179,176,176) #b3b0b0 and RGB(40,30,31) #281e1f","RGB(179,176,176) and RGB(40,30,31)","RGB(141,87,61) #8d573d","RGB(141,87,61)",,,,"24x24 pixel art portrait, background: RGB(179,176,176) #b3b0b0, hair: RGB(179,176,176) #b3b0b0 and RGB(40,30,31) #281e1f, eyes: RGB(141,87,61) #8d573d"
lad_102_bunya,Male,"RGB(29,39,64) #1d2740",solid,"RGB(29,39,64) #1d2740 and RGB(114,88,55) #725837","RGB(29,39,64) and RGB(114,88,55)",Grey #6e9093,Grey,,,,"24x24 pixel art portrait, background: RGB(29,39,64) #1d2740, hair: RGB(29,39,64) #1d2740 and RGB(114,88,55) #725837, eyes: Grey #6e9093"
lad_102_bunya2,Male,"RGB(150,156,158) #969c9e",solid,"RGB(150,156,158) #969c9e and RGB(114,88,55) #725837","RGB(150,156,158) and RGB(114,88,55)",Grey #6e9093,Grey,,,,"24x24 pixel art portrait, background: RGB(150,156,158) #969c9e, hair: RGB(150,156,158) #969c9e and RGB(114,88,55) #725837, eyes: Grey #6e9093"
lad_102_bunya3,Male,"RGB(29,39,64) #1d2740",solid,"RGB(29,39,64) #1d2740 and RGB(114,88,55) #725837","RGB(29,39,64) and RGB(114,88,55)","RGB(156,152,153) #9c9899","RGB(156,152,153)",,,,"24x24 pixel art portrait, background: RGB(29,39,64) #1d2740, hair: RGB(29,39,64) #1d2740 and RGB(114,88,55) #725837, eyes: RGB(156,152,153) #9c9899"
lad_103_merheb,Male,White #ebe6ea,solid,"RGB(163,115,93) #a3735d and RGB(57,50,44) #39322c","RGB(163,115,93) and RGB(57,50,44)","RGB(60,50,41) #3c3229","RGB(60,50,41)",White chef hat #FFFFFF,White chef hat,,"24x24 pixel art portrait, background: White #ebe6ea, hair: RGB(163,115,93) #a3735d and RGB(57,50,44) #39322c, eyes: RGB(60,50,41) #3c3229, wearing White chef hat #FFFFFF"
lad_103_merheb2,Male,Blue #0083ef,solid,"Blue #0083ef and RGB(163,115,93) #a3735d","Blue and RGB(163,115,93)","RGB(60,50,41) #3c3229","RGB(60,50,41)",,,,"24x24 pixel art portrait, background: Blue #0083ef, hair: Blue #0083ef and RGB(163,115,93) #a3735d, eyes: RGB(60,50,41) #3c3229"
lad_74_lc,Male,"RGB(179,179,179) #b3b3b3",solid,"RGB(35,35,35) #232323 and RGB(179,179,179) #b3b3b3","RGB(35,35,35) and RGB(179,179,179)","RGB(79,79,79) #4f4f4f","RGB(79,79,79)",,,,"24x24 pixel art portrait, background: RGB(179,179,179) #b3b3b3, hair: RGB(35,35,35) #232323 and RGB(179,179,179) #b3b3b3, eyes: RGB(79,79,79) #4f4f4f"
lady_000_lemon,Female,Yellow #f8e701,solid,"Yellow #f8e701 and RGB(53,35,25) #352319","Yellow and RGB(53,35,25)",Teal #919abd,Teal,,,,"24x24 pixel art portrait, background: Yellow #f8e701, hair: Yellow #f8e701 and RGB(53,35,25) #352319, eyes: Teal #919abd"
lady_001_hazelnut,Female,"RGB(29,74,70) #1d4a46",solid,"RGB(29,74,70) #1d4a46 and RGB(53,35,25) #352319","RGB(29,74,70) and RGB(53,35,25)","RGB(53,35,25) #352319","RGB(53,35,25)",,,,"24x24 pixel art portrait, background: RGB(29,74,70) #1d4a46, hair: RGB(29,74,70) #1d4a46 and RGB(53,35,25) #352319, eyes: RGB(53,35,25) #352319"
lady_002_vanilla,Female,Lavender #c3d4ef,solid,Lavender #c3d4ef and Beige #ba9b6d,Lavender and Beige,Grey #6e7b6a,Grey,,,,"24x24 pixel art portrait, background: Lavender #c3d4ef, hair: Lavender #c3d4ef and Beige #ba9b6d, eyes: Grey #6e7b6a"
lady_003_cashew,Female,Grey #888b82,solid,Grey #888b82 and Black #181311,Grey and Black,"RGB(142,73,50) #8e4932","RGB(142,73,50)",,,,"24x24 pixel art portrait, background: Grey #888b82, hair: Grey #888b82 and Black #181311, eyes: RGB(142,73,50) #8e4932"
lady_004_nutmeg,Female,Pink #ffc8a0,solid,"RGB(41,22,28) #29161c and RGB(122,87,78) #7a574e","RGB(41,22,28) and RGB(122,87,78)","RGB(122,87,78) #7a574e","RGB(122,87,78)",,,,"24x24 pixel art portrait, background: Pink #ffc8a0, hair: RGB(41,22,28) #29161c and RGB(122,87,78) #7a574e, eyes: RGB(122,87,78) #7a574e"
lady_005_cinnamon,Female,"RGB(69,49,40) #453128",solid,"RGB(69,49,40) #453128 and RGB(190,126,88) #be7e58","RGB(69,49,40) and RGB(190,126,88)","RGB(190,126,88) #be7e58","RGB(190,126,88)",,,,"24x24 pixel art portrait, background: RGB(69,49,40) #453128, hair: RGB(69,49,40) #453128 and RGB(190,126,88) #be7e58, eyes: RGB(190,126,88) #be7e58"
lady_006_pepper,Female,Black #000000 to White #ffffff,pattern,Black #000000,Black,Beige #afd291,Beige,White chef hat #FFFFFF,White chef hat,,"24x24 pixel art portrait, background: Black #000000 to White #ffffff, hair: Black #000000, eyes: Beige #afd291, wearing White chef hat #FFFFFF"
lady_007_alloy,Female,"RGB(29,10,55) #1d0a37",solid,"RGB(29,10,55) #1d0a37 and Burgundy #a85420","RGB(29,10,55) and Burgundy",Burgundy #a85420,Burgundy,,,,"24x24 pixel art portrait, background: RGB(29,10,55) #1d0a37, hair: RGB(29,10,55) #1d0a37 and Burgundy #a85420, eyes: Burgundy #a85420"
lady_008_pinksilk,Female,Pink #ed98bf,solid,"RGB(53,35,25) #352319 and RGB(82,54,40) #523628","RGB(53,35,25) and RGB(82,54,40)","RGB(53,35,25) #352319","RGB(53,35,25)",,,,"24x24 pixel art portrait, background: Pink #ed98bf, hair: RGB(53,35,25) #352319 and RGB(82,54,40) #523628, eyes: RGB(53,35,25) #352319"
lady_009_bluesilk,Female,Teal #94d6d0,solid,"Teal #94d6d0 and RGB(53,35,25) #352319","Teal and RGB(53,35,25)","RGB(53,35,25) #352319","RGB(53,35,25)",,,,"24x24 pixel art portrait, background: Teal #94d6d0, hair: Teal #94d6d0 and RGB(53,35,25) #352319, eyes: RGB(53,35,25) #352319"
lady_010_saffron,Female,"RGB(18,40,28) #12281c",solid,"RGB(18,40,28) #12281c and Beige #b69e7a","RGB(18,40,28) and Beige",Brown #997f4e,Brown,,,,"24x24 pixel art portrait, background: RGB(18,40,28) #12281c, hair: RGB(18,40,28) #12281c and Beige #b69e7a, eyes: Brown #997f4e"
lady_011_sage,Female,Teal #6b92a6,solid,"Teal #6b92a6 and RGB(54,32,13) #36200d","Teal and RGB(54,32,13)","RGB(54,32,13) #36200d","RGB(54,32,13)",,,,"24x24 pixel art portrait, background: Teal #6b92a6, hair: Teal #6b92a6 and RGB(54,32,13) #36200d, eyes: RGB(54,32,13) #36200d"
lady_012_parasite,Female,"Teal #37dff9 to RGB(4,15,97) #040f61",pattern,Teal #37dff9 and Black #020107,Teal and Black,"RGB(159,200,255) #9fc8ff","RGB(159,200,255)",,,,"24x24 pixel art portrait, background: Teal #37dff9 to RGB(4,15,97) #040f61, hair: Teal #37dff9 and Black #020107, eyes: RGB(159,200,255) #9fc8ff"
lady_013_rosemary,Female,Pink #e9aa9b to Teal #949bd2,pattern,"RGB(169,177,223) #a9b1df and Teal #949bd2","RGB(169,177,223) and Teal","RGB(67,43,27) #432b1b","RGB(67,43,27)",,,,"24x24 pixel art portrait, background: Pink #e9aa9b to Teal #949bd2, hair: RGB(169,177,223) #a9b1df and Teal #949bd2, eyes: RGB(67,43,27) #432b1b"
lady_014_olive,Female,"RGB(31,0,59) #1f003b",solid,"RGB(31,0,59) #1f003b and Beige #b69e7a","RGB(31,0,59) and Beige","RGB(55,26,10) #371a0a","RGB(55,26,10)",,,,"24x24 pixel art portrait, background: RGB(31,0,59) #1f003b, hair: RGB(31,0,59) #1f003b and Beige #b69e7a, eyes: RGB(55,26,10) #371a0a"
lady_015_lime,Female,Brown #b6df19,solid,Brown #b6df19 and Black #181311,Brown and Black,"RGB(172,123,127) #ac7b7f","RGB(172,123,127)",,,,"24x24 pixel art portrait, background: Brown #b6df19, hair: Brown #b6df19 and Black #181311, eyes: RGB(172,123,127) #ac7b7f"
lady_016_honey,Female,Orange #db9f5e to Beige #f7c978,pattern,Beige #f7c978 and Orange #db9f5e,Beige and Orange,"RGB(62,31,19) #3e1f13","RGB(62,31,19)",,,,"24x24 pixel art portrait, background: Orange #db9f5e to Beige #f7c978, hair: Beige #f7c978 and Orange #db9f5e, eyes: RGB(62,31,19) #3e1f13"
lady_017_pine,Female,Beige #b8c37f,solid,"Beige #b8c37f and RGB(34,17,17) #221111","Beige and RGB(34,17,17)",Burgundy #7f402b,Burgundy,,,,"24x24 pixel art portrait, background: Beige #b8c37f, hair: Beige #b8c37f and RGB(34,17,17) #221111, eyes: Burgundy #7f402b"
lady_018_strawberry,Female,"RGB(44,95,52) #2c5f34",solid,"RGB(44,95,52) #2c5f34 and RGB(147,34,30) #93221e","RGB(44,95,52) and RGB(147,34,30)","RGB(147,34,30) #93221e","RGB(147,34,30)",,,,"24x24 pixel art portrait, background: RGB(44,95,52) #2c5f34, hair: RGB(44,95,52) #2c5f34 and RGB(147,34,30) #93221e, eyes: RGB(147,34,30) #93221e"
lady_019_banana,Female,Blue #566ee8,solid,"RGB(96,178,142) #60b28e and Blue #566ee8","RGB(96,178,142) and Blue","RGB(110,81,74) #6e514a","RGB(110,81,74)",,,,"24x24 pixel art portrait, background: Blue #566ee8, hair: RGB(96,178,142) #60b28e and Blue #566ee8, eyes: RGB(110,81,74) #6e514a"
lady_020_blood,Female,Red #d70051 to Pink #ff829f,pattern,Pink #ff829f and Red #d70051,Pink and Red,"RGB(173,124,94) #ad7c5e","RGB(173,124,94)",,,,"24x24 pixel art portrait, background: Red #d70051 to Pink #ff829f, hair: Pink #ff829f and Red #d70051, eyes: RGB(173,124,94) #ad7c5e"
lady_021_diamond,Female,White #e6fffd,solid,"RGB(66,43,38) #422b26","RGB(66,43,38)","RGB(82,39,22) #522716","RGB(82,39,22)",White chef hat #FFFFFF,White chef hat,,"24x24 pixel art portrait, background: White #e6fffd, hair: RGB(66,43,38) #422b26, eyes: RGB(82,39,22) #522716, wearing White chef hat #FFFFFF"
lady_022_gold,Female,"RGB(77,77,77) #4d4d4d",solid,"RGB(77,77,77) #4d4d4d and RGB(53,35,25) #352319","RGB(77,77,77) and RGB(53,35,25)","RGB(53,35,25) #352319","RGB(53,35,25)",,,,"24x24 pixel art portrait, background: RGB(77,77,77) #4d4d4d, hair: RGB(77,77,77) #4d4d4d and RGB(53,35,25) #352319, eyes: RGB(53,35,25) #352319"
lady_023_silver,Female,Pink #d7d7d7 to White #e3effc,pattern,"RGB(53,35,25) #352319","RGB(53,35,25)","RGB(53,35,25) #352319","RGB(53,35,25)",White chef hat #FFFFFF,White chef hat,,"24x24 pixel art portrait, background: Pink #d7d7d7 to White #e3effc, hair: RGB(53,35,25) #352319, eyes: RGB(53,35,25) #352319, wearing White chef hat #FFFFFF"
lady_024_linen,Female,Teal #94d6d0,solid,"Teal #94d6d0 and RGB(82,54,40) #523628","Teal and RGB(82,54,40)","RGB(53,35,25) #352319","RGB(53,35,25)",,,,"24x24 pixel art portrait, background: Teal #94d6d0, hair: Teal #94d6d0 and RGB(82,54,40) #523628, eyes: RGB(53,35,25) #352319"
lady_025_mistletoe,Female,"RGB(0,12,85) #000c55",solid,"RGB(0,12,85) #000c55 and RGB(82,54,40) #523628","RGB(0,12,85) and RGB(82,54,40)","RGB(53,35,25) #352319","RGB(53,35,25)",,,,"24x24 pixel art portrait, background: RGB(0,12,85) #000c55, hair: RGB(0,12,85) #000c55 and RGB(82,54,40) #523628, eyes: RGB(53,35,25) #352319"
lady_026_fur,Female,Blue #0153fd,solid,"Blue #0153fd and RGB(127,78,61) #7f4e3d","Blue and RGB(127,78,61)","RGB(54,49,53) #363135","RGB(54,49,53)",,,,"24x24 pixel art portrait, background: Blue #0153fd, hair: Blue #0153fd and RGB(127,78,61) #7f4e3d, eyes: RGB(54,49,53) #363135"
lady_027_nitrogen,Female,Blue #4682f8 to Teal #5399f8,pattern,Blue #4682f8 and Black #000000,Blue and Black,"RGB(98,62,44) #623e2c","RGB(98,62,44)",Blue cap #4682f8,Blue cap,,"24x24 pixel art portrait, background: Blue #4682f8 to Teal #5399f8, hair: Blue #4682f8 and Black #000000, eyes: RGB(98,62,44) #623e2c, wearing Blue cap #4682f8"
lady_028_marshmallow,Female,Pink #ffc7d4,solid,"RGB(46,41,40) #2e2928 and RGB(56,56,57) #383839","RGB(46,41,40) and RGB(56,56,57)","RGB(66,66,68) #424244","RGB(66,66,68)",,,,"24x24 pixel art portrait, background: Pink #ffc7d4, hair: RGB(46,41,40) #2e2928 and RGB(56,56,57) #383839, eyes: RGB(66,66,68) #424244"
lady_029_basil,Female,"Green #62a233 to RGB(44,98,26) #2c621a",pattern,"RGB(44,98,26) #2c621a and Green #62a233","RGB(44,98,26) and Green","RGB(87,53,48) #573530","RGB(87,53,48)",,,,"24x24 pixel art portrait, background: Green #62a233 to RGB(44,98,26) #2c621a, hair: RGB(44,98,26) #2c621a and Green #62a233, eyes: RGB(87,53,48) #573530"
lady_030_grass,Female,Orange #ff8c61 to Beige #ffcf72 to Pink #ffe7cd,pattern,"RGB(88,68,53) #584435 and RGB(58,52,44) #3a342c","RGB(88,68,53) and RGB(58,52,44)","RGB(129,117,80) #817550","RGB(129,117,80)",White chef hat #FFFFFF,White chef hat,,"24x24 pixel art portrait, background: Orange #ff8c61 to Beige #ffcf72 to Pink #ffe7cd, hair: RGB(88,68,53) #584435 and RGB(58,52,44) #3a342c, eyes: RGB(129,117,80) #817550, wearing White chef hat #FFFFFF"
lady_031_paprika,Female,White #ffffff,solid,"RGB(60,20,14) #3c140e and RGB(133,50,46) #85322e","RGB(60,20,14) and RGB(133,50,46)","RGB(79,65,66) #4f4142","RGB(79,65,66)",White chef hat #FFFFFF,White chef hat,,"24x24 pixel art portrait, background: White #ffffff, hair: RGB(60,20,14) #3c140e and RGB(133,50,46) #85322e, eyes: RGB(79,65,66) #4f4142, wearing White chef hat #FFFFFF"
lady_032_salt,Female,"RGB(166,17,20) #a61114",solid,"RGB(166,17,20) #a61114 and RGB(192,173,166) #c0ada6","RGB(166,17,20) and RGB(192,173,166)","RGB(77,53,47) #4d352f","RGB(77,53,47)",,,,"24x24 pixel art portrait, background: RGB(166,17,20) #a61114, hair: RGB(166,17,20) #a61114 and RGB(192,173,166) #c0ada6, eyes: RGB(77,53,47) #4d352f"
lady_033_staranise,Female,Pink #ffd7d7,solid,"Grey #8d6058 and RGB(167,128,111) #a7806f","Grey and RGB(167,128,111)","RGB(58,38,38) #3a2626","RGB(58,38,38)",White chef hat #FFFFFF,White chef hat,,"24x24 pixel art portrait, background: Pink #ffd7d7, hair: Grey #8d6058 and RGB(167,128,111) #a7806f, eyes: RGB(58,38,38) #3a2626, wearing White chef hat #FFFFFF"
lady_034_lavender,Female,Pink #d7c3c1 to Pink #f9e4c5,pattern,"RGB(40,20,13) #28140d","RGB(40,20,13)","RGB(90,49,37) #5a3125","RGB(90,49,37)",,,,"24x24 pixel art portrait, background: Pink #d7c3c1 to Pink #f9e4c5, hair: RGB(40,20,13) #28140d, eyes: RGB(90,49,37) #5a3125"
lady_035_turmeric,Female,Pink #ffc5b3,solid,Teal #4f7e9f and Teal #7295a1,Teal and Teal,"RGB(90,49,37) #5a3125","RGB(90,49,37)",,,,"24x24 pixel art portrait, background: Pink #ffc5b3, hair: Teal #4f7e9f and Teal #7295a1, eyes: RGB(90,49,37) #5a3125"
lady_036_boisenberry,Female,"RGB(72,7,69) #480745",solid,"RGB(72,7,69) #480745 and RGB(134,40,41) #862829","RGB(72,7,69) and RGB(134,40,41)","RGB(147,34,30) #93221e","RGB(147,34,30)",,,,"24x24 pixel art portrait, background: RGB(72,7,69) #480745, hair: RGB(72,7,69) #480745 and RGB(134,40,41) #862829, eyes: RGB(147,34,30) #93221e"
lady_037_rose,Female,Beige #ea9d95,solid,"RGB(49,41,30) #31291e and RGB(67,53,42) #43352a","RGB(49,41,30) and RGB(67,53,42)","RGB(94,70,53) #5e4635","RGB(94,70,53)",,,,"24x24 pixel art portrait, background: Beige #ea9d95, hair: RGB(49,41,30) #31291e and RGB(67,53,42) #43352a, eyes: RGB(94,70,53) #5e4635"
lady_038_peanut,Female,Lavender #bae4f4,solid,"Lavender #bae4f4 and RGB(53,54,49) #353631","Lavender and RGB(53,54,49)","RGB(129,70,59) #81463b","RGB(129,70,59)",,,,"24x24 pixel art portrait, background: Lavender #bae4f4, hair: Lavender #bae4f4 and RGB(53,54,49) #353631, eyes: RGB(129,70,59) #81463b"
lady_039_sandalwood,Female,Pink #dcb3ff,solid,"RGB(134,40,41) #862829 and RGB(115,35,38) #732326","RGB(134,40,41) and RGB(115,35,38)","RGB(90,17,86) #5a1156","RGB(90,17,86)",,,,"24x24 pixel art portrait, background: Pink #dcb3ff, hair: RGB(134,40,41) #862829 and RGB(115,35,38) #732326, eyes: RGB(90,17,86) #5a1156"
lady_040_fivespice,Female,Beige #fcfe66,solid,"Beige #fcfe66 and RGB(37,30,27) #251e1b","Beige and RGB(37,30,27)","RGB(94,29,29) #5e1d1d","RGB(94,29,29)",,,,"24x24 pixel art portrait, background: Beige #fcfe66, hair: Beige #fcfe66 and RGB(37,30,27) #251e1b, eyes: RGB(94,29,29) #5e1d1d"
lady_041_bayleaf,Female,Teal #6b93bb,solid,"Teal #6b93bb and RGB(134,40,41) #862829","Teal and RGB(134,40,41)","RGB(147,34,30) #93221e","RGB(147,34,30)",,,,"24x24 pixel art portrait, background: Teal #6b93bb, hair: Teal #6b93bb and RGB(134,40,41) #862829, eyes: RGB(147,34,30) #93221e"
lady_042_almond,Female,Pink #f7c2bc,solid,"RGB(67,53,42) #43352a and RGB(61,47,38) #3d2f26","RGB(67,53,42) and RGB(61,47,38)","RGB(94,70,53) #5e4635","RGB(94,70,53)",,,,"24x24 pixel art portrait, background: Pink #f7c2bc, hair: RGB(67,53,42) #43352a and RGB(61,47,38) #3d2f26, eyes: RGB(94,70,53) #5e4635"
lady_043_orange,Female,"RGB(149,0,88) #950058 to RGB(5,219,115) #05db73",pattern,"RGB(149,0,88) #950058 and Orange #f4b315","RGB(149,0,88) and Orange",Grey #84625d,Grey,,,,"24x24 pixel art portrait, background: RGB(149,0,88) #950058 to RGB(5,219,115) #05db73, hair: RGB(149,0,88) #950058 and Orange #f4b315, eyes: Grey #84625d"
lady_044_x,Female,"RGB(53,221,136) #35dd88 to Teal #3ffe9e",pattern,"Teal #3ffe9e and RGB(53,221,136) #35dd88","Teal and RGB(53,221,136)",Grey #546368,Grey,,,,"24x24 pixel art portrait, background: RGB(53,221,136) #35dd88 to Teal #3ffe9e, hair: Teal #3ffe9e and RGB(53,221,136) #35dd88, eyes: Grey #546368"
lady_045_x,Female,"RGB(53,221,136) #35dd88 to Teal #3ffe9e",pattern,"Teal #3ffe9e and RGB(53,221,136) #35dd88","Teal and RGB(53,221,136)",Burgundy #975927,Burgundy,,,,"24x24 pixel art portrait, background: RGB(53,221,136) #35dd88 to Teal #3ffe9e, hair: Teal #3ffe9e and RGB(53,221,136) #35dd88, eyes: Burgundy #975927"
lady_046_x,Female,"RGB(0,221,115) #00dd73 to RGB(53,221,136) #35dd88 to Teal #3ffe9e",pattern,"Teal #3ffe9e and RGB(53,221,136) #35dd88","Teal and RGB(53,221,136)","RGB(59,47,35) #3b2f23","RGB(59,47,35)",,,,"24x24 pixel art portrait, background: RGB(0,221,115) #00dd73 to RGB(53,221,136) #35dd88 to Teal #3ffe9e, hair: Teal #3ffe9e and RGB(53,221,136) #35dd88, eyes: RGB(59,47,35) #3b2f23"
lady_047_x,Female,"RGB(53,221,136) #35dd88",solid,"RGB(53,221,136) #35dd88 and Beige #bfa389","RGB(53,221,136) and Beige","RGB(169,144,124) #a9907c","RGB(169,144,124)",,,,"24x24 pixel art portrait, background: RGB(53,221,136) #35dd88, hair: RGB(53,221,136) #35dd88 and Beige #bfa389, eyes: RGB(169,144,124) #a9907c"
lady_048_pink,Female,Purple #e50bb4,solid,Purple #e50bb4 and Black #0d0d09,Purple and Black,Purple #b450ca,Purple,,,,"24x24 pixel art portrait, background: Purple #e50bb4, hair: Purple #e50bb4 and Black #0d0d09, eyes: Purple #b450ca"
lady_049_abstractangels,Female,"RGB(165,255,155) #a5ff9b to RGB(15,206,111) #0fce6f",pattern,"RGB(15,206,111) #0fce6f and RGB(36,215,113) #24d771","RGB(15,206,111) and RGB(36,215,113)",Teal #8877ae,Teal,,,,"24x24 pixel art portrait, background: RGB(165,255,155) #a5ff9b to RGB(15,206,111) #0fce6f, hair: RGB(15,206,111) #0fce6f and RGB(36,215,113) #24d771, eyes: Teal #8877ae"
lady_050_x-6,Female,"RGB(112,235,128) #70eb80 to RGB(196,110,171) #c46eab",gradient,"RGB(52,56,57) #343839 and RGB(62,63,58) #3e3f3a","RGB(52,56,57) and RGB(62,63,58)","RGB(62,46,33) #3e2e21","RGB(62,46,33)",,,,"24x24 pixel art portrait, background: RGB(112,235,128) #70eb80 to RGB(196,110,171) #c46eab, hair: RGB(52,56,57) #343839 and RGB(62,63,58) #3e3f3a, eyes: RGB(62,46,33) #3e2e21"
lady_051_rosieabstract,Female,"RGB(53,221,136) #35dd88 to Teal #3ffe9e",pattern,"RGB(53,221,136) #35dd88 and Teal #3ffe9e","RGB(53,221,136) and Teal",Teal #919abd,Teal,,,,"24x24 pixel art portrait, background: RGB(53,221,136) #35dd88 to Teal #3ffe9e, hair: RGB(53,221,136) #35dd88 and Teal #3ffe9e, eyes: Teal #919abd"
lady_052_pinksilkabstract,Female,"Beige #ffcd6c to RGB(186,109,223) #ba6ddf",gradient,"RGB(53,35,25) #352319 and RGB(82,54,40) #523628","RGB(53,35,25) and RGB(82,54,40)","RGB(53,35,25) #352319","RGB(53,35,25)",,,,"24x24 pixel art portrait, background: Beige #ffcd6c to RGB(186,109,223) #ba6ddf, hair: RGB(53,35,25) #352319 and RGB(82,54,40) #523628, eyes: RGB(53,35,25) #352319"
lady_053_pepperabstract,Female,"RGB(78,234,109) #4eea6d to Black #000000",pattern,"Black #000000 and RGB(78,234,109) #4eea6d","Black and RGB(78,234,109)",Beige #afd291,Beige,,,,"24x24 pixel art portrait, background: RGB(78,234,109) #4eea6d to Black #000000, hair: Black #000000 and RGB(78,234,109) #4eea6d, eyes: Beige #afd291"
lady_054_hazelnutabstract-3,Female,"RGB(53,221,136) #35dd88 to Teal #3ffe9e",pattern,"Teal #3ffe9e and RGB(53,221,136) #35dd88","Teal and RGB(53,221,136)","RGB(53,35,25) #352319","RGB(53,35,25)",,,,"24x24 pixel art portrait, background: RGB(53,221,136) #35dd88 to Teal #3ffe9e, hair: Teal #3ffe9e and RGB(53,221,136) #35dd88, eyes: RGB(53,35,25) #352319"
lady_055_bloodabstract,Female,"RGB(53,221,136) #35dd88 to Teal #3ffe9e",pattern,"RGB(53,221,136) #35dd88 and Teal #3ffe9e","RGB(53,221,136) and Teal","RGB(173,124,94) #ad7c5e","RGB(173,124,94)",,,,"24x24 pixel art portrait, background: RGB(53,221,136) #35dd88 to Teal #3ffe9e, hair: RGB(53,221,136) #35dd88 and Teal #3ffe9e, eyes: RGB(173,124,94) #ad7c5e"
lady_056_alloyabstract,Female,"RGB(226,114,150) #e27296 to Blue #4941ca",gradient,"Burgundy #a85420 and RGB(118,77,209) #764dd1","Burgundy and RGB(118,77,209)",Burgundy #a85420,Burgundy,,,,"24x24 pixel art portrait, background: RGB(226,114,150) #e27296 to Blue #4941ca, hair: Burgundy #a85420 and RGB(118,77,209) #764dd1, eyes: Burgundy #a85420"
lady_057_bluesilkabstract,Female,"RGB(108,80,216) #6c50d8 to Teal #8bfba9",gradient,"RGB(53,35,25) #352319 and Teal #8cffaf","RGB(53,35,25) and Teal","RGB(53,35,25) #352319","RGB(53,35,25)",,,,"24x24 pixel art portrait, background: RGB(108,80,216) #6c50d8 to Teal #8bfba9, hair: RGB(53,35,25) #352319 and Teal #8cffaf, eyes: RGB(53,35,25) #352319"
lady_058_x,Female,Teal #87cec1,solid,"Teal #87cec1 and RGB(37,37,40) #252528","Teal and RGB(37,37,40)","RGB(94,29,29) #5e1d1d","RGB(94,29,29)",,,,"24x24 pixel art portrait, background: Teal #87cec1, hair: Teal #87cec1 and RGB(37,37,40) #252528, eyes: RGB(94,29,29) #5e1d1d"
lady_059_paula-5,Female,"RGB(3,220,115) #03dc73",solid,"RGB(3,220,115) #03dc73 and Beige #d9a27f","RGB(3,220,115) and Beige","RGB(59,60,81) #3b3c51","RGB(59,60,81)",,,,"24x24 pixel art portrait, background: RGB(3,220,115) #03dc73, hair: RGB(3,220,115) #03dc73 and Beige #d9a27f, eyes: RGB(59,60,81) #3b3c51"
lady_059_paula-6,Female,"Teal #3ffe9e to RGB(3,220,115) #03dc73",pattern,"RGB(3,220,115) #03dc73 and Teal #3ffe9e","RGB(3,220,115) and Teal","RGB(59,60,81) #3b3c51","RGB(59,60,81)",,,,"24x24 pixel art portrait, background: Teal #3ffe9e to RGB(3,220,115) #03dc73, hair: RGB(3,220,115) #03dc73 and Teal #3ffe9e, eyes: RGB(59,60,81) #3b3c51"
lady_060_winehouse,Female,Lavender #b998da,solid,Lavender #b998da and Black #000404,Lavender and Black,Burgundy #6b5d2f,Burgundy,,,,"24x24 pixel art portrait, background: Lavender #b998da, hair: Lavender #b998da and Black #000404, eyes: Burgundy #6b5d2f"
lady_061_nikkkk-2,Female,"RGB(95,206,127) #5fce7f",solid,"RGB(95,206,127) #5fce7f and RGB(160,255,208) #a0ffd0","RGB(95,206,127) and RGB(160,255,208)","RGB(73,28,23) #491c17","RGB(73,28,23)",,,,"24x24 pixel art portrait, background: RGB(95,206,127) #5fce7f, hair: RGB(95,206,127) #5fce7f and RGB(160,255,208) #a0ffd0, eyes: RGB(73,28,23) #491c17"
lady_062_Dalia-2,Female,Pink #f6acc5,solid,"RGB(158,92,58) #9e5c3a and Burgundy #94522f","RGB(158,92,58) and Burgundy","RGB(101,90,76) #655a4c","RGB(101,90,76)",Pink chef hat #f6acc5,Pink chef hat,"bear ears, pink bows","24x24 pixel art portrait, background: Pink #f6acc5, hair: RGB(158,92,58) #9e5c3a and Burgundy #94522f, eyes: RGB(101,90,76) #655a4c, wearing Pink chef hat #f6acc5, accessories: bear ears, pink bows"
lady_062_Dalia-BD,Female,"Teal #92aefd to RGB(156,182,255) #9cb6ff",pattern,"RGB(156,182,255) #9cb6ff and Teal #92aefd","RGB(156,182,255) and Teal","RGB(101,90,76) #655a4c","RGB(101,90,76)","RGB(156,182,255) chef hat #9cb6ff","RGB(156,182,255) chef hat","bear ears, rgb(156,182,255) bows","24x24 pixel art portrait, background: Teal #92aefd to RGB(156,182,255) #9cb6ff, hair: RGB(156,182,255) #9cb6ff and Teal #92aefd, eyes: RGB(101,90,76) #655a4c, wearing RGB(156,182,255) chef hat #9cb6ff, accessories: bear ears, rgb(156,182,255) bows"
lady_063_PVR-3,Female,Orange #e78441,solid,"Orange #e78441 and RGB(43,38,42) #2b262a","Orange and RGB(43,38,42)","RGB(170,126,81) #aa7e51","RGB(170,126,81)",,,,"24x24 pixel art portrait, background: Orange #e78441, hair: Orange #e78441 and RGB(43,38,42) #2b262a, eyes: RGB(170,126,81) #aa7e51"
lady_064_aubree-2,Female,"RGB(210,0,124) #d2007c",solid,"RGB(210,0,124) #d2007c and RGB(84,54,43) #54362b","RGB(210,0,124) and RGB(84,54,43)","RGB(143,78,50) #8f4e32","RGB(143,78,50)",,,,"24x24 pixel art portrait, background: RGB(210,0,124) #d2007c, hair: RGB(210,0,124) #d2007c and RGB(84,54,43) #54362b, eyes: RGB(143,78,50) #8f4e32"
lady_065_miggs-4,Female,"RGB(175,110,188) #af6ebc to RGB(191,142,201) #bf8ec9",pattern,"RGB(191,142,201) #bf8ec9 and RGB(175,110,188) #af6ebc","RGB(191,142,201) and RGB(175,110,188)",Teal #799fbc,Teal,,,,"24x24 pixel art portrait, background: RGB(175,110,188) #af6ebc to RGB(191,142,201) #bf8ec9, hair: RGB(191,142,201) #bf8ec9 and RGB(175,110,188) #af6ebc, eyes: Teal #799fbc"
lady_065_miggs,Female,Pink #dd94c6 to Lavender #c498cd,pattern,Lavender #c498cd and Pink #dd94c6,Lavender and Pink,"RGB(103,150,108) #67966c","RGB(103,150,108)",,,,"24x24 pixel art portrait, background: Pink #dd94c6 to Lavender #c498cd, hair: Lavender #c498cd and Pink #dd94c6, eyes: RGB(103,150,108) #67966c"
lady_066_monalisa-3,Female,"Burgundy #8b5f27 to Burgundy #7b4a2c to RGB(72,96,65) #486041",pattern,"RGB(72,96,65) #486041 and RGB(97,113,78) #61714e","RGB(72,96,65) and RGB(97,113,78)",Burgundy #9a6425,Burgundy,,,,"24x24 pixel art portrait, background: Burgundy #8b5f27 to Burgundy #7b4a2c to RGB(72,96,65) #486041, hair: RGB(72,96,65) #486041 and RGB(97,113,78) #61714e, eyes: Burgundy #9a6425"
lady_067_salamander-2,Female,Grey #929493,solid,Grey #929493,Grey,"RGB(94,62,69) #5e3e45","RGB(94,62,69)",,,,"24x24 pixel art portrait, background: Grey #929493, hair: Grey #929493, eyes: RGB(94,62,69) #5e3e45"
lady_068_nikkisf-4,Female,"RGB(176,115,94) #b0735e",solid,"RGB(176,115,94) #b0735e and RGB(30,38,41) #1e2629","RGB(176,115,94) and RGB(30,38,41)","RGB(95,81,79) #5f514f","RGB(95,81,79)",,,,"24x24 pixel art portrait, background: RGB(176,115,94) #b0735e, hair: RGB(176,115,94) #b0735e and RGB(30,38,41) #1e2629, eyes: RGB(95,81,79) #5f514f"
lady_069_giulia,Female,Pink #f6e49a,solid,"RGB(100,66,57) #644239 and RGB(109,72,54) #6d4836","RGB(100,66,57) and RGB(109,72,54)","RGB(117,75,59) #754b3b","RGB(117,75,59)",,,,"24x24 pixel art portrait, background: Pink #f6e49a, hair: RGB(100,66,57) #644239 and RGB(109,72,54) #6d4836, eyes: RGB(117,75,59) #754b3b"
lady_070_mango,Female,"RGB(3,220,115) #03dc73",solid,"RGB(3,220,115) #03dc73","RGB(3,220,115)",Purple #e957a0,Purple,,,,"24x24 pixel art portrait, background: RGB(3,220,115) #03dc73, hair: RGB(3,220,115) #03dc73, eyes: Purple #e957a0"
lady_071_papaya,Female,Brown #9e7243,solid,"Brown #9e7243 and RGB(55,50,44) #37322c","Brown and RGB(55,50,44)","RGB(59,49,39) #3b3127","RGB(59,49,39)",,,,"24x24 pixel art portrait, background: Brown #9e7243, hair: Brown #9e7243 and RGB(55,50,44) #37322c, eyes: RGB(59,49,39) #3b3127"
lady_072_tangerine,Female,"RGB(23,44,137) #172c89",solid,"RGB(23,44,137) #172c89 and Burgundy #b6411c","RGB(23,44,137) and Burgundy",Burgundy #b6411c,Burgundy,,,,"24x24 pixel art portrait, background: RGB(23,44,137) #172c89, hair: RGB(23,44,137) #172c89 and Burgundy #b6411c, eyes: Burgundy #b6411c"
lady_073_mango_punk,Female,"RGB(13,206,113) #0dce71",solid,"RGB(13,206,113) #0dce71 and Beige #ffc06a","RGB(13,206,113) and Beige",,,,,,"24x24 pixel art portrait, background: RGB(13,206,113) #0dce71, hair: RGB(13,206,113) #0dce71 and Beige #ffc06a"
lady_074_melon,Female,"RGB(3,220,115) #03dc73",solid,"RGB(3,220,115) #03dc73","RGB(3,220,115)",Teal #72c2cb,Teal,,,,"24x24 pixel art portrait, background: RGB(3,220,115) #03dc73, hair: RGB(3,220,115) #03dc73, eyes: Teal #72c2cb"
lady_075_clementine,Female,Teal #79e7ff to Teal #12c0d8,pattern,Teal #79e7ff and Teal #12c0d8,Teal and Teal,Green #15b90b,Green,,,,"24x24 pixel art portrait, background: Teal #79e7ff to Teal #12c0d8, hair: Teal #79e7ff and Teal #12c0d8, eyes: Green #15b90b"
lady_076_orange_blossom,Female,Pink #d5bca5,solid,Brown #98673c and Beige #c7987c,Brown and Beige,"RGB(67,39,28) #43271c","RGB(67,39,28)",,,,"24x24 pixel art portrait, background: Pink #d5bca5, hair: Brown #98673c and Beige #c7987c, eyes: RGB(67,39,28) #43271c"
lady_077_pink_grapefruit,Female,Pink #ff98b9 to Pink #d8e5dc,pattern,"RGB(40,86,102) #285666 and RGB(45,50,53) #2d3235","RGB(40,86,102) and RGB(45,50,53)","RGB(123,102,70) #7b6646","RGB(123,102,70)",,,,"24x24 pixel art portrait, background: Pink #ff98b9 to Pink #d8e5dc, hair: RGB(40,86,102) #285666 and RGB(45,50,53) #2d3235, eyes: RGB(123,102,70) #7b6646"
lady_078_orange_zest,Female,Burgundy #884b2e,solid,"Burgundy #884b2e and RGB(79,56,50) #4f3832","Burgundy and RGB(79,56,50)","RGB(79,56,50) #4f3832","RGB(79,56,50)",,,,"24x24 pixel art portrait, background: Burgundy #884b2e, hair: Burgundy #884b2e and RGB(79,56,50) #4f3832, eyes: RGB(79,56,50) #4f3832"
lady_079_lime_breeze,Female,Yellow #fdf059 to Orange #dda212,gradient,Yellow #f3d645 and Orange #ef9500,Yellow and Orange,"RGB(109,75,62) #6d4b3e","RGB(109,75,62)",,,,"24x24 pixel art portrait, background: Yellow #fdf059 to Orange #dda212, hair: Yellow #f3d645 and Orange #ef9500, eyes: RGB(109,75,62) #6d4b3e"
lady_080_zesty_lime,Female,Lavender #b8c2cb,solid,Lavender #b8c2cb and Black #080808,Lavender and Black,"RGB(53,52,57) #353439","RGB(53,52,57)",,,,"24x24 pixel art portrait, background: Lavender #b8c2cb, hair: Lavender #b8c2cb and Black #080808, eyes: RGB(53,52,57) #353439"
lady_085_IRA2,Female,"RGB(198,47,66) #c62f42",solid,"RGB(198,47,66) #c62f42 and Beige #d3a67f","RGB(198,47,66) and Beige",Teal #71b9bc,Teal,,,,"24x24 pixel art portrait, background: RGB(198,47,66) #c62f42, hair: RGB(198,47,66) #c62f42 and Beige #d3a67f, eyes: Teal #71b9bc"
lady_086_ELENI9,Female,Pink #e1cbb3,solid,,,Teal #6670a4,Teal,,,,"24x24 pixel art portrait, background: Pink #e1cbb3, eyes: Teal #6670a4"
lady_087_feybirthday5,Female,Pink #fee6ba,solid,"RGB(40,36,25) #282419 and RGB(53,49,38) #353126","RGB(40,36,25) and RGB(53,49,38)",Grey #887c72,Grey,,,,"24x24 pixel art portrait, background: Pink #fee6ba, hair: RGB(40,36,25) #282419 and RGB(53,49,38) #353126, eyes: Grey #887c72"
lady_088_r,Female,Orange #f4ac62,solid,"Orange #f4ac62 and RGB(73,57,40) #493928","Orange and RGB(73,57,40)","RGB(79,25,38) #4f1926","RGB(79,25,38)",,,,"24x24 pixel art portrait, background: Orange #f4ac62, hair: Orange #f4ac62 and RGB(73,57,40) #493928, eyes: RGB(79,25,38) #4f1926"
lady_090_missthang,Female,Pink #cbc8c3,solid,"RGB(45,41,40) #2d2928 and Beige #eda47e","RGB(45,41,40) and Beige","RGB(48,81,49) #305131","RGB(48,81,49)",,,,"24x24 pixel art portrait, background: Pink #cbc8c3, hair: RGB(45,41,40) #2d2928 and Beige #eda47e, eyes: RGB(48,81,49) #305131"
lady_094_violetta,Female,"Grey #62677f to RGB(139,188,146) #8bbc92 to Pink #d1bba6",pattern,"Black #0b0c0b and RGB(133,61,68) #853d44","Black and RGB(133,61,68)","RGB(51,51,51) #333333","RGB(51,51,51)",,,,"24x24 pixel art portrait, background: Grey #62677f to RGB(139,188,146) #8bbc92 to Pink #d1bba6, hair: Black #0b0c0b and RGB(133,61,68) #853d44, eyes: RGB(51,51,51) #333333"
lady_095_royalty,Female,Pink #e9e2cb to Grey #5c6759,pattern,"Grey #5c6759 and RGB(94,56,12) #5e380c","Grey and RGB(94,56,12)",Burgundy #673e11,Burgundy,White chef hat #FFFFFF,White chef hat,,"24x24 pixel art portrait, background: Pink #e9e2cb to Grey #5c6759, hair: Grey #5c6759 and RGB(94,56,12) #5e380c, eyes: Burgundy #673e11, wearing White chef hat #FFFFFF"
lady_096_yuri,Female,"RGB(150,134,135) #968687",solid,"RGB(150,134,135) #968687 and RGB(92,59,106) #5c3b6a","RGB(150,134,135) and RGB(92,59,106)","RGB(92,59,106) #5c3b6a","RGB(92,59,106)",,,,"24x24 pixel art portrait, background: RGB(150,134,135) #968687, hair: RGB(150,134,135) #968687 and RGB(92,59,106) #5c3b6a, eyes: RGB(92,59,106) #5c3b6a"
lady_097_dani,Female,"RGB(196,172,191) #c4acbf",solid,"RGB(196,172,191) #c4acbf and RGB(45,36,36) #2d2424","RGB(196,172,191) and RGB(45,36,36)","RGB(194,109,83) #c26d53","RGB(194,109,83)",,,,"24x24 pixel art portrait, background: RGB(196,172,191) #c4acbf, hair: RGB(196,172,191) #c4acbf and RGB(45,36,36) #2d2424, eyes: RGB(194,109,83) #c26d53"
lady_097_dani2,Female,"RGB(160,177,166) #a0b1a6",solid,"RGB(160,177,166) #a0b1a6 and RGB(54,38,39) #362627","RGB(160,177,166) and RGB(54,38,39)","RGB(79,37,38) #4f2526","RGB(79,37,38)",,,,"24x24 pixel art portrait, background: RGB(160,177,166) #a0b1a6, hair: RGB(160,177,166) #a0b1a6 and RGB(54,38,39) #362627, eyes: RGB(79,37,38) #4f2526"
lady_098_heyeah,Female,Blue #5d45fd,solid,"Blue #5d45fd and RGB(109,72,56) #6d4838","Blue and RGB(109,72,56)","RGB(57,42,37) #392a25","RGB(57,42,37)",,,,"24x24 pixel art portrait, background: Blue #5d45fd, hair: Blue #5d45fd and RGB(109,72,56) #6d4838, eyes: RGB(57,42,37) #392a25"
lady_099_VQ,Female,Blue #3b77cd,solid,Blue #3b77cd and Yellow #f5d451,Blue and Yellow,"RGB(63,63,63) #3f3f3f","RGB(63,63,63)",,,,"24x24 pixel art portrait, background: Blue #3b77cd, hair: Blue #3b77cd and Yellow #f5d451, eyes: RGB(63,63,63) #3f3f3f"
